{
    "0": 1.9536187356832075,
    "1": 1.6729421420973174,
    "2": 1.542079047280915,
    "3": 1.4779737676892961,
    "4": 1.4378679066288227,
    "5": 1.4160281322440322,
    "6": 1.3984253406524658,
    "7": 1.3780502494500608,
    "8": 1.3717196620240504,
    "9": 1.356306723185948,
    "10": 1.3475817004028632,
    "11": 1.3429825549222985,
    "12": 1.331211129013373,
    "13": 1.3163036789212907,
    "14": 1.3183550056146116,
    "15": 1.302266882390392,
    "16": 1.2937070179958732,
    "17": 1.2953438783178524,
    "18": 1.2959685252637279,
    "19": 1.2929026983222183,
    "20": 1.2974653633273379,
    "21": 1.2882503003490215,
    "22": 1.284182879389549,
    "23": 1.2741781448831364,
    "24": 1.2722518687345543,
    "25": 1.273783871105739,
    "26": 1.2694439620387798,
    "27": 1.2627014116365083,
    "28": 1.2656148842402868,
    "29": 1.260494589805603,
    "30": 1.2599681615829468,
    "31": 1.2593439841757015,
    "32": 1.2560777177616043,
    "33": 1.255340330454768,
    "34": 1.253679024929903,
    "35": 1.2563630999351034,
    "36": 1.250866147936607,
    "37": 1.2518523055679944,
    "38": 1.2534942943222669,
    "39": 1.2507433599355269
}