{
    "0": 1.9581881226325522,
    "1": 1.6786351714815413,
    "2": 1.55730774207991,
    "3": 1.4865624369407187,
    "4": 1.449340287519961,
    "5": 1.4256709838400081,
    "6": 1.4027234291543766,
    "7": 1.3921208454638112,
    "8": 1.374688586410211,
    "9": 1.3641977772420766,
    "10": 1.3544005423176044,
    "11": 1.346424616113001,
    "12": 1.338642203077978,
    "13": 1.334953702225977,
    "14": 1.328153522647157,
    "15": 1.3167001008987427,
    "16": 1.313291038785662,
    "17": 1.3122907609355694,
    "18": 1.3032129200137392,
    "19": 1.3068182906325982,
    "20": 1.3000369315244713,
    "21": 1.3011810609272547,
    "22": 1.2947847794513314,
    "23": 1.2909431700803795,
    "24": 1.2853850174923331,
    "25": 1.2814335677088524,
    "26": 1.2798984926574084,
    "27": 1.277339302763647,
    "28": 1.2730795388319054,
    "29": 1.27134577838742,
    "30": 1.2648160676566922,
    "31": 1.2621765112390324,
    "32": 1.2630360540078611,
    "33": 1.262115471217097,
    "34": 1.2603049083631865,
    "35": 1.2572592837469918,
    "36": 1.2553266992374343,
    "37": 1.2519255146688344,
    "38": 1.246240005201223,
    "39": 1.2459884541375297
}