{
    "0": 1.9852866274969918,
    "1": 1.7337405851909093,
    "2": 1.6387495580984621,
    "3": 1.5981392446829348,
    "4": 1.570826338261974,
    "5": 1.5463213555666866,
    "6": 1.5317391838346208,
    "7": 1.5180915788728364,
    "8": 1.496953051917407,
    "9": 1.4909115032273896,
    "10": 1.4760005425433724,
    "11": 1.473790360956776,
    "12": 1.4701439872079967,
    "13": 1.4691015822546822,
    "14": 1.461598393868427,
    "15": 1.4577085168994204,
    "16": 1.4464712507870732,
    "17": 1.4482226906990519,
    "18": 1.4440301559409316,
    "19": 1.4420150469760507,
    "20": 1.4400248284242592,
    "21": 1.4343760110894028,
    "22": 1.4297819186230094,
    "23": 1.4290869819874665,
    "24": 1.4230901854378837,
    "25": 1.4186330401167577,
    "26": 1.418167486482737,
    "27": 1.4135918130680007,
    "28": 1.409252439226423,
    "29": 1.411000317456771,
    "30": 1.4061139165138712,
    "31": 1.4011273724692208,
    "32": 1.3940275737217493,
    "33": 1.3944498884434602,
    "34": 1.3918954766526515,
    "35": 1.3877941807922052,
    "36": 1.3871697746977514,
    "37": 1.391898274421692,
    "38": 1.391656715042737,
    "39": 1.3846349375588554
}