{
    "0": 0.10063694267515924,
    "1": 0.22878980891719744,
    "2": 0.2654777070063694,
    "3": 0.28152866242038216,
    "4": 0.26343949044585985,
    "5": 0.3228025477707006,
    "6": 0.31745222929936306,
    "7": 0.3421656050955414,
    "8": 0.35312101910828025,
    "9": 0.38292993630573247,
    "10": 0.36789808917197453,
    "11": 0.4,
    "12": 0.38980891719745225,
    "13": 0.390828025477707,
    "14": 0.38522292993630575,
    "15": 0.3915923566878981,
    "16": 0.3864968152866242,
    "17": 0.38828025477707007,
    "18": 0.39312101910828023,
    "19": 0.39388535031847133,
    "20": 0.39770700636942674,
    "21": 0.39694267515923565,
    "22": 0.38904458598726116,
    "23": 0.36942675159235666,
    "24": 0.38522292993630575,
    "25": 0.3727388535031847,
    "26": 0.38420382165605094,
    "27": 0.38140127388535033,
    "28": 0.39770700636942674,
    "29": 0.35898089171974523
}