{
    "0": 0.10063694267515924,
    "1": 0.10140127388535032,
    "2": 0.10165605095541401,
    "3": 0.14929936305732483,
    "4": 0.11770700636942676,
    "5": 0.11439490445859872,
    "6": 0.11031847133757962,
    "7": 0.10802547770700636,
    "8": 0.10496815286624203,
    "9": 0.1021656050955414,
    "10": 0.10165605095541401,
    "11": 0.10191082802547771,
    "12": 0.12203821656050956,
    "13": 0.17248407643312103,
    "14": 0.19312101910828025,
    "15": 0.2219108280254777,
    "16": 0.22038216560509555,
    "17": 0.22369426751592356,
    "18": 0.23821656050955414,
    "19": 0.2519745222929936,
    "20": 0.2522292993630573,
    "21": 0.25070063694267514,
    "22": 0.2573248407643312,
    "23": 0.2667515923566879,
    "24": 0.2647133757961783,
    "25": 0.2639490445859873,
    "26": 0.2713375796178344,
    "27": 0.2664968152866242,
    "28": 0.2670063694267516,
    "29": 0.2761783439490446
}