{
    "0": 0.11515923566878981,
    "1": 0.13095541401273886,
    "2": 0.12560509554140128,
    "3": 0.11949044585987262,
    "4": 0.13121019108280255,
    "5": 0.18369426751592358,
    "6": 0.2356687898089172,
    "7": 0.2532484076433121,
    "8": 0.26420382165605094,
    "9": 0.26726114649681526,
    "10": 0.2812738853503185,
    "11": 0.2901910828025478,
    "12": 0.2907006369426752,
    "13": 0.30471337579617835,
    "14": 0.30929936305732486,
    "15": 0.30471337579617835,
    "16": 0.3228025477707006,
    "17": 0.3319745222929936,
    "18": 0.3273885350318471,
    "19": 0.34191082802547773,
    "20": 0.34496815286624205,
    "21": 0.3414012738853503,
    "22": 0.3464968152866242,
    "23": 0.3498089171974522,
    "24": 0.3482802547770701,
    "25": 0.3513375796178344,
    "26": 0.35337579617834397,
    "27": 0.3513375796178344,
    "28": 0.3594904458598726,
    "29": 0.3742675159235669
}