{
    "0": 0.12815286624203823,
    "1": 0.11949044585987262,
    "2": 0.11847133757961784,
    "3": 0.11796178343949044,
    "4": 0.12280254777070064,
    "5": 0.12738853503184713,
    "6": 0.12687898089171976,
    "7": 0.12738853503184713,
    "8": 0.1286624203821656,
    "9": 0.1278980891719745,
    "10": 0.12993630573248408,
    "11": 0.12917197452229298,
    "12": 0.12178343949044586,
    "13": 0.12152866242038217,
    "14": 0.11464968152866242,
    "15": 0.11414012738853503,
    "16": 0.11006369426751593,
    "17": 0.10878980891719746,
    "18": 0.1070063694267516,
    "19": 0.12203821656050956,
    "20": 0.16840764331210192,
    "21": 0.20280254777070064,
    "22": 0.2178343949044586,
    "23": 0.23617834394904458,
    "24": 0.2397452229299363,
    "25": 0.23643312101910827,
    "26": 0.2402547770700637,
    "27": 0.25121019108280257,
    "28": 0.25528662420382164,
    "29": 0.2529936305732484
}