{
    "0": 0.1329936305732484,
    "1": 0.12203821656050956,
    "2": 0.10878980891719746,
    "3": 0.11082802547770701,
    "4": 0.10828025477707007,
    "5": 0.11210191082802548,
    "6": 0.11210191082802548,
    "7": 0.1070063694267516,
    "8": 0.10471337579617834,
    "9": 0.11210191082802548,
    "10": 0.15337579617834396,
    "11": 0.22369426751592356,
    "12": 0.2578343949044586,
    "13": 0.25910828025477706,
    "14": 0.2692993630573248,
    "15": 0.2700636942675159,
    "16": 0.27184713375796177,
    "17": 0.2810191082802548,
    "18": 0.2749044585987261,
    "19": 0.2907006369426752,
    "20": 0.28585987261146495,
    "21": 0.29146496815286627,
    "22": 0.2889171974522293,
    "23": 0.3026751592356688,
    "24": 0.3029299363057325,
    "25": 0.3115923566878981,
    "26": 0.3131210191082803,
    "27": 0.3100636942675159,
    "28": 0.3197452229299363,
    "29": 0.31363057324840765
}