{
    "0": 0.28,
    "1": 0.3294267515923567,
    "2": 0.354140127388535,
    "3": 0.38828025477707007,
    "4": 0.42038216560509556,
    "5": 0.4445859872611465,
    "6": 0.4619108280254777,
    "7": 0.4721019108280255,
    "8": 0.47388535031847134,
    "9": 0.4932484076433121,
    "10": 0.4980891719745223,
    "11": 0.49630573248407645,
    "12": 0.5146496815286624,
    "13": 0.5220382165605095,
    "14": 0.5319745222929936,
    "15": 0.5294267515923566,
    "16": 0.5385987261146497,
    "17": 0.5375796178343949,
    "18": 0.5452229299363057,
    "19": 0.5551592356687898,
    "20": 0.5584713375796179,
    "21": 0.5503184713375796,
    "22": 0.5589808917197452,
    "23": 0.5587261146496816,
    "24": 0.5684076433121019,
    "25": 0.56,
    "26": 0.5719745222929936,
    "27": 0.5732484076433121,
    "28": 0.5775796178343949,
    "29": 0.5765605095541402
}