{
    "0": 0.28535031847133757,
    "1": 0.41095541401273883,
    "2": 0.44560509554140126,
    "3": 0.4438216560509554,
    "4": 0.43363057324840765,
    "5": 0.41579617834394905,
    "6": 0.38904458598726116,
    "7": 0.3905732484076433,
    "8": 0.38012738853503186,
    "9": 0.36636942675159234,
    "10": 0.35668789808917195,
    "11": 0.34063694267515926,
    "12": 0.34267515923566877,
    "13": 0.33961783439490445,
    "14": 0.3123566878980892,
    "15": 0.30904458598726114,
    "16": 0.29630573248407643,
    "17": 0.2764331210191083,
    "18": 0.2817834394904459,
    "19": 0.25834394904458596,
    "20": 0.2624203821656051,
    "21": 0.2700636942675159,
    "22": 0.2662420382165605,
    "23": 0.25095541401273885,
    "24": 0.2397452229299363,
    "25": 0.24229299363057324,
    "26": 0.25961783439490443,
    "27": 0.2394904458598726,
    "28": 0.24,
    "29": 0.22140127388535033
}