{
    "0": 0.3029299363057325,
    "1": 0.2698089171974522,
    "2": 0.2,
    "3": 0.18063694267515923,
    "4": 0.16305732484076432,
    "5": 0.1278980891719745,
    "6": 0.13171974522292992,
    "7": 0.11745222929936305,
    "8": 0.12356687898089172,
    "9": 0.12331210191082803,
    "10": 0.11337579617834395,
    "11": 0.11210191082802548,
    "12": 0.10140127388535032,
    "13": 0.10165605095541401,
    "14": 0.1021656050955414,
    "15": 0.09910828025477707,
    "16": 0.08789808917197452,
    "17": 0.09095541401273885,
    "18": 0.09707006369426752,
    "19": 0.1067515923566879,
    "20": 0.09885350318471338,
    "21": 0.09452229299363057,
    "22": 0.09936305732484077,
    "23": 0.0937579617834395,
    "24": 0.10420382165605095,
    "25": 0.10089171974522293,
    "26": 0.11057324840764331,
    "27": 0.10547770700636942,
    "28": 0.09936305732484077,
    "29": 0.11261146496815287
}