{
    "0": 0.30828025477707005,
    "1": 0.3989808917197452,
    "2": 0.42445859872611463,
    "3": 0.45987261146496816,
    "4": 0.48229299363057326,
    "5": 0.48229299363057326,
    "6": 0.4935031847133758,
    "7": 0.5042038216560509,
    "8": 0.4975796178343949,
    "9": 0.5126114649681529,
    "10": 0.5189808917197453,
    "11": 0.5177070063694268,
    "12": 0.5304458598726115,
    "13": 0.5304458598726115,
    "14": 0.5396178343949044,
    "15": 0.5480254777070064,
    "16": 0.5447133757961783,
    "17": 0.5470063694267516,
    "18": 0.5467515923566879,
    "19": 0.5424203821656051,
    "20": 0.5492993630573249,
    "21": 0.5505732484076433,
    "22": 0.5569426751592357,
    "23": 0.5521019108280255,
    "24": 0.5536305732484077,
    "25": 0.5589808917197452,
    "26": 0.5582165605095541,
    "27": 0.5653503184713375,
    "28": 0.5707006369426751,
    "29": 0.5686624203821656
}