{
    "0": 0.26420382165605094,
    "1": 0.29121019108280255,
    "2": 0.3177070063694267,
    "3": 0.34471337579617833,
    "4": 0.36560509554140125,
    "5": 0.38955414012738854,
    "6": 0.42929936305732486,
    "7": 0.434140127388535,
    "8": 0.4532484076433121,
    "9": 0.46929936305732484,
    "10": 0.4805095541401274,
    "11": 0.4922292993630573,
    "12": 0.5006369426751592,
    "13": 0.5082802547770701,
    "14": 0.5189808917197453,
    "15": 0.5217834394904458,
    "16": 0.5337579617834395,
    "17": 0.5370700636942675,
    "18": 0.5414012738853503,
    "19": 0.5414012738853503,
    "20": 0.5526114649681528,
    "21": 0.5564331210191082,
    "22": 0.5490445859872611,
    "23": 0.5513375796178344,
    "24": 0.5577070063694267,
    "25": 0.5648407643312102,
    "26": 0.5699363057324841,
    "27": 0.5686624203821656,
    "28": 0.5717197452229299,
    "29": 0.5722292993630573
}