{
    "0": 0.25019108280254776,
    "1": 0.30394904458598726,
    "2": 0.3391082802547771,
    "3": 0.3765605095541401,
    "4": 0.39847133757961783,
    "5": 0.4145222929936306,
    "6": 0.42980891719745223,
    "7": 0.4466242038216561,
    "8": 0.45299363057324843,
    "9": 0.45885350318471335,
    "10": 0.47286624203821653,
    "11": 0.48687898089171977,
    "12": 0.49401273885350316,
    "13": 0.4978343949044586,
    "14": 0.5042038216560509,
    "15": 0.5064968152866242,
    "16": 0.5143949044585987,
    "17": 0.5194904458598726,
    "18": 0.5268789808917197,
    "19": 0.5335031847133758,
    "20": 0.5391082802547771,
    "21": 0.5406369426751593,
    "22": 0.5480254777070064,
    "23": 0.5480254777070064,
    "24": 0.5505732484076433,
    "25": 0.5528662420382165,
    "26": 0.5589808917197452,
    "27": 0.5622929936305733,
    "28": 0.5676433121019109,
    "29": 0.5656050955414013
}