{
    "0": 0.3118471337579618,
    "1": 0.39694267515923565,
    "2": 0.4443312101910828,
    "3": 0.4764331210191083,
    "4": 0.495031847133758,
    "5": 0.5064968152866242,
    "6": 0.5197452229299363,
    "7": 0.5256050955414012,
    "8": 0.5314649681528663,
    "9": 0.5454777070063694,
    "10": 0.5380891719745223,
    "11": 0.5587261146496816,
    "12": 0.5574522292993631,
    "13": 0.5640764331210191,
    "14": 0.5620382165605096,
    "15": 0.5620382165605096,
    "16": 0.5678980891719745,
    "17": 0.5765605095541402,
    "18": 0.5826751592356688,
    "19": 0.5898089171974522,
    "20": 0.5834394904458599,
    "21": 0.5864968152866242,
    "22": 0.5936305732484076,
    "23": 0.5969426751592357,
    "24": 0.5951592356687898,
    "25": 0.5951592356687898,
    "26": 0.6010191082802547,
    "27": 0.6045859872611465,
    "28": 0.6043312101910828,
    "29": 0.6061146496815286
}