{
    "0": 0.15464968152866243,
    "1": 0.20331210191082802,
    "2": 0.21859872611464967,
    "3": 0.21171974522292994,
    "4": 0.2259872611464968,
    "5": 0.24076433121019108,
    "6": 0.25070063694267514,
    "7": 0.2565605095541401,
    "8": 0.2670063694267516,
    "9": 0.26955414012738854,
    "10": 0.2728662420382166,
    "11": 0.2761783439490446,
    "12": 0.27847133757961784,
    "13": 0.2802547770700637,
    "14": 0.28764331210191085,
    "15": 0.2878980891719745,
    "16": 0.29121019108280255,
    "17": 0.29146496815286627,
    "18": 0.29273885350318474,
    "19": 0.29503184713375796,
    "20": 0.29503184713375796,
    "21": 0.298343949044586,
    "22": 0.29656050955414015,
    "23": 0.3011464968152866,
    "24": 0.30369426751592354,
    "25": 0.30394904458598726,
    "26": 0.3067515923566879,
    "27": 0.3100636942675159,
    "28": 0.3115923566878981,
    "29": 0.3138853503184713
}