{
    "0": 0.2713375796178344,
    "1": 0.3421656050955414,
    "2": 0.3714649681528662,
    "3": 0.4206369426751592,
    "4": 0.4573248407643312,
    "5": 0.4749044585987261,
    "6": 0.49554140127388535,
    "7": 0.5021656050955414,
    "8": 0.5128662420382165,
    "9": 0.5273885350318471,
    "10": 0.5263694267515924,
    "11": 0.5408917197452229,
    "12": 0.5414012738853503,
    "13": 0.5510828025477708,
    "14": 0.5536305732484077,
    "15": 0.5630573248407643,
    "16": 0.5635668789808918,
    "17": 0.5656050955414013,
    "18": 0.5673885350318472,
    "19": 0.5704458598726114,
    "20": 0.5765605095541402,
    "21": 0.5768152866242038,
    "22": 0.5745222929936306,
    "23": 0.5806369426751592,
    "24": 0.5913375796178344,
    "25": 0.5885350318471337,
    "26": 0.5915923566878981,
    "27": 0.5923566878980892,
    "28": 0.5992356687898089,
    "29": 0.6038216560509554
}