{
    "0": 0.23388535031847132,
    "1": 0.20815286624203821,
    "2": 0.21630573248407645,
    "3": 0.24101910828025477,
    "4": 0.2593630573248408,
    "5": 0.2797452229299363,
    "6": 0.2840764331210191,
    "7": 0.2907006369426752,
    "8": 0.2932484076433121,
    "9": 0.2980891719745223,
    "10": 0.2968152866242038,
    "11": 0.2970700636942675,
    "12": 0.304203821656051,
    "13": 0.3070063694267516,
    "14": 0.3115923566878981,
    "15": 0.3151592356687898,
    "16": 0.3146496815286624,
    "17": 0.3205095541401274,
    "18": 0.3243312101910828,
    "19": 0.32713375796178346,
    "20": 0.3327388535031847,
    "21": 0.3342675159235669,
    "22": 0.3363057324840764,
    "23": 0.33987261146496817,
    "24": 0.3462420382165605,
    "25": 0.3470063694267516,
    "26": 0.3490445859872611,
    "27": 0.34929936305732484,
    "28": 0.3526114649681529,
    "29": 0.35745222929936304
}