{
    "0": 0.14369426751592357,
    "1": 0.18878980891719746,
    "2": 0.21528662420382166,
    "3": 0.22802547770700637,
    "4": 0.2532484076433121,
    "5": 0.2654777070063694,
    "6": 0.2764331210191083,
    "7": 0.27719745222929937,
    "8": 0.2794904458598726,
    "9": 0.28,
    "10": 0.28305732484076435,
    "11": 0.2840764331210191,
    "12": 0.2863694267515924,
    "13": 0.28968152866242036,
    "14": 0.2889171974522293,
    "15": 0.2945222929936306,
    "16": 0.29095541401273883,
    "17": 0.29121019108280255,
    "18": 0.298343949044586,
    "19": 0.3014012738853503,
    "20": 0.3014012738853503,
    "21": 0.30471337579617835,
    "22": 0.3080254777070064,
    "23": 0.3067515923566879,
    "24": 0.31210191082802546,
    "25": 0.31261146496815284,
    "26": 0.3146496815286624,
    "27": 0.3177070063694267,
    "28": 0.3205095541401274,
    "29": 0.32254777070063695
}