{
    "0": 0.2889171974522293,
    "1": 0.3421656050955414,
    "2": 0.39490445859872614,
    "3": 0.44764331210191083,
    "4": 0.4662420382165605,
    "5": 0.48509554140127387,
    "6": 0.5047133757961784,
    "7": 0.5149044585987261,
    "8": 0.5184713375796178,
    "9": 0.532484076433121,
    "10": 0.533248407643312,
    "11": 0.5347770700636942,
    "12": 0.5495541401273886,
    "13": 0.5523566878980892,
    "14": 0.5594904458598726,
    "15": 0.5650955414012739,
    "16": 0.5681528662420382,
    "17": 0.5707006369426751,
    "18": 0.5752866242038217,
    "19": 0.5768152866242038,
    "20": 0.5811464968152866,
    "21": 0.5836942675159236,
    "22": 0.584968152866242,
    "23": 0.5859872611464968,
    "24": 0.5890445859872612,
    "25": 0.587515923566879,
    "26": 0.5898089171974522,
    "27": 0.5943949044585988,
    "28": 0.5956687898089172,
    "29": 0.6028025477707006
}