{
    "0": 0.2940127388535032,
    "1": 0.3513375796178344,
    "2": 0.41656050955414015,
    "3": 0.4405095541401274,
    "4": 0.47388535031847134,
    "5": 0.4810191082802548,
    "6": 0.5067515923566879,
    "7": 0.5222929936305732,
    "8": 0.5335031847133758,
    "9": 0.5383439490445859,
    "10": 0.5393630573248408,
    "11": 0.5579617834394904,
    "12": 0.5515923566878981,
    "13": 0.5597452229299363,
    "14": 0.5686624203821656,
    "15": 0.5768152866242038,
    "16": 0.5793630573248407,
    "17": 0.5887898089171975,
    "18": 0.5898089171974522,
    "19": 0.5931210191082803,
    "20": 0.5943949044585988,
    "21": 0.6020382165605096,
    "22": 0.6038216560509554,
    "23": 0.5964331210191083,
    "24": 0.6038216560509554,
    "25": 0.6107006369426752,
    "26": 0.609936305732484,
    "27": 0.6135031847133758,
    "28": 0.6117197452229299,
    "29": 0.6122292993630574
}