{
    "0": 0.17987261146496816,
    "1": 0.23898089171974524,
    "2": 0.27261146496815286,
    "3": 0.28229299363057325,
    "4": 0.29121019108280255,
    "5": 0.29503184713375796,
    "6": 0.29503184713375796,
    "7": 0.3011464968152866,
    "8": 0.30828025477707005,
    "9": 0.3103184713375796,
    "10": 0.3228025477707006,
    "11": 0.3294267515923567,
    "12": 0.33299363057324843,
    "13": 0.3421656050955414,
    "14": 0.34547770700636943,
    "15": 0.34929936305732484,
    "16": 0.3513375796178344,
    "17": 0.354140127388535,
    "18": 0.3592356687898089,
    "19": 0.3610191082802548,
    "20": 0.3661146496815287,
    "21": 0.36942675159235666,
    "22": 0.3773248407643312,
    "23": 0.3826751592356688,
    "24": 0.3867515923566879,
    "25": 0.3956687898089172,
    "26": 0.4010191082802548,
    "27": 0.40585987261146494,
    "28": 0.41350318471337577,
    "29": 0.4180891719745223
}