{
    "0": 0.27872611464968156,
    "1": 0.3526114649681529,
    "2": 0.41961783439490447,
    "3": 0.45605095541401275,
    "4": 0.4789808917197452,
    "5": 0.4845859872611465,
    "6": 0.4980891719745223,
    "7": 0.5092993630573248,
    "8": 0.49707006369426754,
    "9": 0.4945222929936306,
    "10": 0.5001273885350318,
    "11": 0.48687898089171977,
    "12": 0.5014012738853503,
    "13": 0.5006369426751592,
    "14": 0.49171974522292994,
    "15": 0.48229299363057326,
    "16": 0.4805095541401274,
    "17": 0.46929936305732484,
    "18": 0.467515923566879,
    "19": 0.46726114649681527,
    "20": 0.46394904458598724,
    "21": 0.449171974522293,
    "22": 0.4504458598726115,
    "23": 0.44101910828025476,
    "24": 0.4445859872611465,
    "25": 0.4303184713375796,
    "26": 0.42624203821656054,
    "27": 0.4323566878980892,
    "28": 0.4280254777070064,
    "29": 0.4175796178343949
}