{
    "0": 0.26802547770700635,
    "1": 0.3250955414012739,
    "2": 0.3610191082802548,
    "3": 0.4,
    "4": 0.4305732484076433,
    "5": 0.4489171974522293,
    "6": 0.47923566878980894,
    "7": 0.4927388535031847,
    "8": 0.5098089171974522,
    "9": 0.514140127388535,
    "10": 0.5243312101910828,
    "11": 0.5408917197452229,
    "12": 0.5457324840764332,
    "13": 0.5467515923566879,
    "14": 0.5492993630573249,
    "15": 0.5515923566878981,
    "16": 0.5605095541401274,
    "17": 0.5592356687898089,
    "18": 0.5707006369426751,
    "19": 0.5745222929936306,
    "20": 0.5765605095541402,
    "21": 0.5778343949044586,
    "22": 0.5778343949044586,
    "23": 0.5836942675159236,
    "24": 0.5864968152866242,
    "25": 0.5913375796178344,
    "26": 0.5905732484076434,
    "27": 0.5943949044585988,
    "28": 0.5954140127388535,
    "29": 0.6020382165605096
}