{
    "0": 0.30547770700636945,
    "1": 0.4028025477707006,
    "2": 0.41477707006369424,
    "3": 0.42369426751592354,
    "4": 0.4178343949044586,
    "5": 0.42904458598726114,
    "6": 0.45019108280254777,
    "7": 0.45579617834394903,
    "8": 0.4682802547770701,
    "9": 0.47745222929936304,
    "10": 0.47745222929936304,
    "11": 0.47337579617834397,
    "12": 0.4914649681528662,
    "13": 0.4899363057324841,
    "14": 0.4942675159235669,
    "15": 0.49019108280254775,
    "16": 0.5092993630573248,
    "17": 0.5085350318471338,
    "18": 0.5126114649681529,
    "19": 0.5077707006369426,
    "20": 0.5128662420382165,
    "21": 0.5205095541401273,
    "22": 0.5235668789808917,
    "23": 0.5202547770700637,
    "24": 0.5238216560509554,
    "25": 0.5284076433121019,
    "26": 0.5322292993630573,
    "27": 0.5355414012738854,
    "28": 0.5365605095541401,
    "29": 0.5365605095541401
}