{
    "0": 0.3080254777070064,
    "1": 0.3775796178343949,
    "2": 0.4122292993630573,
    "3": 0.4578343949044586,
    "4": 0.4629299363057325,
    "5": 0.48305732484076436,
    "6": 0.5024203821656051,
    "7": 0.5082802547770701,
    "8": 0.514140127388535,
    "9": 0.5261146496815287,
    "10": 0.522547770700637,
    "11": 0.5250955414012739,
    "12": 0.5253503184713376,
    "13": 0.5419108280254777,
    "14": 0.5406369426751593,
    "15": 0.5421656050955413,
    "16": 0.5523566878980892,
    "17": 0.5531210191082803,
    "18": 0.5546496815286625,
    "19": 0.553375796178344,
    "20": 0.5663694267515924,
    "21": 0.5638216560509555,
    "22": 0.565859872611465,
    "23": 0.5686624203821656,
    "24": 0.572484076433121,
    "25": 0.5778343949044586,
    "26": 0.5808917197452229,
    "27": 0.5826751592356688,
    "28": 0.5765605095541402,
    "29": 0.5811464968152866
}