{
    "0": 0.28382165605095544,
    "1": 0.3638216560509554,
    "2": 0.4168152866242038,
    "3": 0.4089171974522293,
    "4": 0.4527388535031847,
    "5": 0.46878980891719746,
    "6": 0.4937579617834395,
    "7": 0.5182165605095541,
    "8": 0.5154140127388535,
    "9": 0.5212738853503185,
    "10": 0.5383439490445859,
    "11": 0.5419108280254777,
    "12": 0.5393630573248408,
    "13": 0.5536305732484077,
    "14": 0.5518471337579618,
    "15": 0.5582165605095541,
    "16": 0.5668789808917197,
    "17": 0.563312101910828,
    "18": 0.5712101910828026,
    "19": 0.572484076433121,
    "20": 0.5778343949044586,
    "21": 0.5811464968152866,
    "22": 0.58828025477707,
    "23": 0.5936305732484076,
    "24": 0.5979617834394905,
    "25": 0.5992356687898089,
    "26": 0.605859872611465,
    "27": 0.5949044585987261,
    "28": 0.6012738853503184,
    "29": 0.6073885350318471
}