{
    "0": 0.16076433121019107,
    "1": 0.23337579617834395,
    "2": 0.24611464968152866,
    "3": 0.255796178343949,
    "4": 0.26853503184713373,
    "5": 0.27847133757961784,
    "6": 0.28076433121019106,
    "7": 0.28815286624203823,
    "8": 0.29503184713375796,
    "9": 0.2945222929936306,
    "10": 0.2975796178343949,
    "11": 0.3011464968152866,
    "12": 0.3034394904458599,
    "13": 0.30751592356687896,
    "14": 0.31057324840764333,
    "15": 0.30980891719745224,
    "16": 0.3103184713375796,
    "17": 0.31261146496815284,
    "18": 0.31821656050955416,
    "19": 0.3212738853503185,
    "20": 0.32254777070063695,
    "21": 0.3319745222929936,
    "22": 0.33579617834394904,
    "23": 0.3429299363057325,
    "24": 0.34343949044585986,
    "25": 0.347515923566879,
    "26": 0.34955414012738856,
    "27": 0.3549044585987261,
    "28": 0.35464968152866244,
    "29": 0.35898089171974523
}