{
    "0": 0.17222929936305734,
    "1": 0.19414012738853503,
    "2": 0.20687898089171974,
    "3": 0.21222929936305732,
    "4": 0.21961783439490445,
    "5": 0.23745222929936305,
    "6": 0.25019108280254776,
    "7": 0.26420382165605094,
    "8": 0.2677707006369427,
    "9": 0.2715923566878981,
    "10": 0.2736305732484076,
    "11": 0.2782165605095541,
    "12": 0.2863694267515924,
    "13": 0.2845859872611465,
    "14": 0.28662420382165604,
    "15": 0.2863694267515924,
    "16": 0.2856050955414013,
    "17": 0.2863694267515924,
    "18": 0.29273885350318474,
    "19": 0.2901910828025478,
    "20": 0.2935031847133758,
    "21": 0.2929936305732484,
    "22": 0.2929936305732484,
    "23": 0.2929936305732484,
    "24": 0.2960509554140127,
    "25": 0.29630573248407643,
    "26": 0.2991082802547771,
    "27": 0.3019108280254777,
    "28": 0.30445859872611464,
    "29": 0.3059872611464968
}