{
    "0": 0.2810191082802548,
    "1": 0.3549044585987261,
    "2": 0.3913375796178344,
    "3": 0.42038216560509556,
    "4": 0.4384713375796178,
    "5": 0.445859872611465,
    "6": 0.445859872611465,
    "7": 0.4435668789808917,
    "8": 0.4519745222929936,
    "9": 0.44,
    "10": 0.44687898089171973,
    "11": 0.4407643312101911,
    "12": 0.4326114649681529,
    "13": 0.42420382165605097,
    "14": 0.42547770700636944,
    "15": 0.4198726114649681,
    "16": 0.41197452229299364,
    "17": 0.40178343949044587,
    "18": 0.3885350318471338,
    "19": 0.38522292993630575,
    "20": 0.390828025477707,
    "21": 0.3819108280254777,
    "22": 0.3610191082802548,
    "23": 0.3559235668789809,
    "24": 0.37070063694267513,
    "25": 0.3610191082802548,
    "26": 0.3554140127388535,
    "27": 0.3505732484076433,
    "28": 0.33656050955414013,
    "29": 0.3378343949044586
}