{
    "0": 0.29197452229299364,
    "1": 0.38012738853503186,
    "2": 0.3910828025477707,
    "3": 0.41095541401273883,
    "4": 0.40203821656050953,
    "5": 0.396687898089172,
    "6": 0.3780891719745223,
    "7": 0.37070063694267513,
    "8": 0.36789808917197453,
    "9": 0.36178343949044584,
    "10": 0.3342675159235669,
    "11": 0.31286624203821656,
    "12": 0.3378343949044586,
    "13": 0.33171974522292996,
    "14": 0.3319745222929936,
    "15": 0.3080254777070064,
    "16": 0.2929936305732484,
    "17": 0.28382165605095544,
    "18": 0.28076433121019106,
    "19": 0.27847133757961784,
    "20": 0.28280254777070063,
    "21": 0.2585987261146497,
    "22": 0.24305732484076434,
    "23": 0.24203821656050956,
    "24": 0.2494267515923567
}