{
    "0": 0.25987261146496815,
    "1": 0.17605095541401275,
    "2": 0.11668789808917197,
    "3": 0.10878980891719746,
    "4": 0.11235668789808917,
    "5": 0.10318471337579618,
    "6": 0.09477707006369426,
    "7": 0.10394904458598726,
    "8": 0.1159235668789809,
    "9": 0.09273885350318471,
    "10": 0.09987261146496815,
    "11": 0.09070063694267516,
    "12": 0.1064968152866242,
    "13": 0.08942675159235669,
    "14": 0.10038216560509554,
    "15": 0.09579617834394905,
    "16": 0.10114649681528662,
    "17": 0.09961783439490446,
    "18": 0.11337579617834395,
    "19": 0.1243312101910828,
    "20": 0.10496815286624203,
    "21": 0.1070063694267516,
    "22": 0.10165605095541401,
    "23": 0.10343949044585987,
    "24": 0.09171974522292993,
    "25": 0.08101910828025477
}