{
    "0": 0.23439490445859873,
    "1": 0.2624203821656051,
    "2": 0.27312101910828024,
    "3": 0.2863694267515924,
    "4": 0.29044585987261146,
    "5": 0.29936305732484075,
    "6": 0.30929936305732486,
    "7": 0.31796178343949044,
    "8": 0.31337579617834393,
    "9": 0.32203821656050957,
    "10": 0.3393630573248408,
    "11": 0.3464968152866242,
    "12": 0.3503184713375796,
    "13": 0.3556687898089172,
    "14": 0.35694267515923567,
    "15": 0.36636942675159234,
    "16": 0.36560509554140125,
    "17": 0.37070063694267513,
    "18": 0.38063694267515924,
    "19": 0.3905732484076433,
    "20": 0.396687898089172,
    "21": 0.41044585987261145,
    "22": 0.4175796178343949,
    "23": 0.41936305732484075,
    "24": 0.4259872611464968,
    "25": 0.4359235668789809,
    "26": 0.43388535031847136,
    "27": 0.44203821656050957,
    "28": 0.44687898089171973,
    "29": 0.4565605095541401
}