{
    "0": 0.32101910828025476,
    "1": 0.3118471337579618,
    "2": 0.32331210191082804,
    "3": 0.3057324840764331,
    "4": 0.2710828025477707,
    "5": 0.25452229299363055,
    "6": 0.2402547770700637,
    "7": 0.20713375796178343,
    "8": 0.20101910828025477,
    "9": 0.20484076433121018,
    "10": 0.19286624203821656,
    "11": 0.1785987261146497,
    "12": 0.17222929936305734,
    "13": 0.16662420382165605,
    "14": 0.1594904458598726,
    "15": 0.15796178343949044,
    "16": 0.17171974522292993,
    "17": 0.15898089171974522,
    "18": 0.14853503184713376,
    "19": 0.16101910828025479,
    "20": 0.1521019108280255,
    "21": 0.13605095541401274,
    "22": 0.14369426751592357,
    "23": 0.1503184713375796,
    "24": 0.14547770700636942,
    "25": 0.1467515923566879,
    "26": 0.14445859872611466
}