{
    "0": 0.15414012738853503,
    "1": 0.19388535031847134,
    "2": 0.2045859872611465,
    "3": 0.22853503184713375,
    "4": 0.2494267515923567,
    "5": 0.26420382165605094,
    "6": 0.2664968152866242,
    "7": 0.28076433121019106,
    "8": 0.27923566878980893,
    "9": 0.2812738853503185,
    "10": 0.28815286624203823,
    "11": 0.2889171974522293,
    "12": 0.29503184713375796,
    "13": 0.2932484076433121,
    "14": 0.2952866242038217,
    "15": 0.2970700636942675,
    "16": 0.30318471337579617,
    "17": 0.3059872611464968,
    "18": 0.3067515923566879,
    "19": 0.31133757961783437,
    "20": 0.3070063694267516,
    "21": 0.31414012738853503,
    "22": 0.32101910828025476,
    "23": 0.3248407643312102,
    "24": 0.3273885350318471,
    "25": 0.325859872611465,
    "26": 0.33095541401273887,
    "27": 0.33299363057324843,
    "28": 0.33375796178343947,
    "29": 0.34394904458598724
}