{
    "0": 0.13987261146496816,
    "1": 0.17961783439490445,
    "2": 0.1910828025477707,
    "3": 0.19923566878980892,
    "4": 0.2132484076433121,
    "5": 0.23617834394904458,
    "6": 0.24687898089171975,
    "7": 0.2532484076433121,
    "8": 0.2631847133757962,
    "9": 0.27184713375796177,
    "10": 0.2774522292993631,
    "11": 0.28152866242038216,
    "12": 0.2812738853503185,
    "13": 0.2850955414012739,
    "14": 0.28662420382165604,
    "15": 0.2886624203821656,
    "16": 0.28815286624203823,
    "17": 0.29044585987261146,
    "18": 0.29197452229299364,
    "19": 0.2935031847133758,
    "20": 0.2978343949044586,
    "21": 0.30165605095541403,
    "22": 0.30394904458598726,
    "23": 0.30547770700636945,
    "24": 0.30547770700636945,
    "25": 0.304968152866242,
    "26": 0.30828025477707005,
    "27": 0.310828025477707,
    "28": 0.31414012738853503,
    "29": 0.31643312101910825
}