{
    "0": 0.2535031847133758,
    "1": 0.32025477707006367,
    "2": 0.3602547770700637,
    "3": 0.37936305732484077,
    "4": 0.4084076433121019,
    "5": 0.42165605095541403,
    "6": 0.4384713375796178,
    "7": 0.4519745222929936,
    "8": 0.4547770700636943,
    "9": 0.4667515923566879,
    "10": 0.4698089171974522,
    "11": 0.48229299363057326,
    "12": 0.4856050955414013,
    "13": 0.48280254777070064,
    "14": 0.4899363057324841,
    "15": 0.4942675159235669,
    "16": 0.49987261146496814,
    "17": 0.49121019108280256,
    "18": 0.4810191082802548,
    "19": 0.47745222929936304,
    "20": 0.4894267515923567,
    "21": 0.47847133757961785,
    "22": 0.48127388535031845,
    "23": 0.48305732484076436,
    "24": 0.4749044585987261,
    "25": 0.48305732484076436,
    "26": 0.47388535031847134,
    "27": 0.46929936305732484,
    "28": 0.4749044585987261,
    "29": 0.4713375796178344
}