{
    "0": 0.29146496815286627,
    "1": 0.3722292993630573,
    "2": 0.4173248407643312,
    "3": 0.41579617834394905,
    "4": 0.43210191082802546,
    "5": 0.4430573248407643,
    "6": 0.44280254777070066,
    "7": 0.4540127388535032,
    "8": 0.46063694267515926,
    "9": 0.452484076433121,
    "10": 0.4624203821656051,
    "11": 0.4751592356687898,
    "12": 0.4756687898089172,
    "13": 0.4787261146496815,
    "14": 0.4756687898089172,
    "15": 0.48713375796178343,
    "16": 0.4838216560509554,
    "17": 0.4853503184713376,
    "18": 0.4889171974522293,
    "19": 0.498343949044586,
    "20": 0.5006369426751592,
    "21": 0.5143949044585987,
    "22": 0.5087898089171975,
    "23": 0.5036942675159236,
    "24": 0.5057324840764331,
    "25": 0.5098089171974522,
    "26": 0.5067515923566879,
    "27": 0.5161783439490446,
    "28": 0.5143949044585987,
    "29": 0.5169426751592356
}