{
    "0": 0.2978343949044586,
    "1": 0.332484076433121,
    "2": 0.38955414012738854,
    "3": 0.41146496815286626,
    "4": 0.4527388535031847,
    "5": 0.4636942675159236,
    "6": 0.470828025477707,
    "7": 0.4802547770700637,
    "8": 0.4884076433121019,
    "9": 0.4945222929936306,
    "10": 0.49910828025477705,
    "11": 0.5057324840764331,
    "12": 0.5092993630573248,
    "13": 0.5161783439490446,
    "14": 0.5189808917197453,
    "15": 0.5273885350318471,
    "16": 0.5335031847133758,
    "17": 0.5373248407643312,
    "18": 0.5365605095541401,
    "19": 0.5347770700636942,
    "20": 0.5391082802547771,
    "21": 0.5429299363057325,
    "22": 0.5414012738853503,
    "23": 0.5403821656050956,
    "24": 0.5490445859872611,
    "25": 0.5510828025477708,
    "26": 0.5510828025477708,
    "27": 0.5617834394904458,
    "28": 0.5551592356687898,
    "29": 0.5579617834394904
}