{
    "0": 0.27796178343949046,
    "1": 0.31414012738853503,
    "2": 0.3877707006369427,
    "3": 0.4264968152866242,
    "4": 0.4540127388535032,
    "5": 0.4453503184713376,
    "6": 0.4384713375796178,
    "7": 0.4580891719745223,
    "8": 0.4394904458598726,
    "9": 0.4532484076433121,
    "10": 0.4356687898089172,
    "11": 0.4313375796178344,
    "12": 0.4310828025477707,
    "13": 0.4318471337579618,
    "14": 0.4219108280254777,
    "15": 0.40738853503184713,
    "16": 0.4012738853503185,
    "17": 0.3951592356687898,
    "18": 0.3946496815286624,
    "19": 0.3951592356687898,
    "20": 0.39643312101910827,
    "21": 0.3648407643312102,
    "22": 0.39388535031847133,
    "23": 0.3821656050955414,
    "24": 0.3668789808917197,
    "25": 0.36050955414012736,
    "26": 0.35464968152866244,
    "27": 0.363312101910828,
    "28": 0.35337579617834397,
    "29": 0.34547770700636943
}