{
    "0": 0.30369426751592354,
    "1": 0.34191082802547773,
    "2": 0.3867515923566879,
    "3": 0.40229299363057325,
    "4": 0.4315923566878981,
    "5": 0.44789808917197454,
    "6": 0.4519745222929936,
    "7": 0.4659872611464968,
    "8": 0.4779617834394905,
    "9": 0.4884076433121019,
    "10": 0.49095541401273884,
    "11": 0.5095541401273885,
    "12": 0.5057324840764331,
    "13": 0.501656050955414,
    "14": 0.513375796178344,
    "15": 0.5202547770700637,
    "16": 0.5271337579617834,
    "17": 0.5363057324840764,
    "18": 0.5307006369426751,
    "19": 0.535796178343949,
    "20": 0.5403821656050956,
    "21": 0.5480254777070064,
    "22": 0.5492993630573249,
    "23": 0.5459872611464968,
    "24": 0.5429299363057325,
    "25": 0.5551592356687898,
    "26": 0.5526114649681528,
    "27": 0.5577070063694267,
    "28": 0.5650955414012739,
    "29": 0.5656050955414013
}