{
    "0": 0.3115923566878981,
    "1": 0.3238216560509554,
    "2": 0.31133757961783437,
    "3": 0.29095541401273883,
    "4": 0.2573248407643312,
    "5": 0.23872611464968152,
    "6": 0.23286624203821657,
    "7": 0.21936305732484077,
    "8": 0.2219108280254777,
    "9": 0.1964331210191083,
    "10": 0.18522292993630574,
    "11": 0.17681528662420382,
    "12": 0.1824203821656051,
    "13": 0.19490445859872613,
    "14": 0.1696815286624204,
    "15": 0.16382165605095542,
    "16": 0.1826751592356688,
    "17": 0.16127388535031847,
    "18": 0.15566878980891719,
    "19": 0.15490445859872612,
    "20": 0.14904458598726114,
    "21": 0.15719745222929937,
    "22": 0.16560509554140126,
    "23": 0.14292993630573247,
    "24": 0.14471337579617835,
    "25": 0.14853503184713376,
    "26": 0.14878980891719745,
    "27": 0.14828025477707008,
    "28": 0.13426751592356687,
    "29": 0.14496815286624204
}