{
    "0": 0.3138853503184713,
    "1": 0.3696815286624204,
    "2": 0.42318471337579616,
    "3": 0.4214012738853503,
    "4": 0.427515923566879,
    "5": 0.4443312101910828,
    "6": 0.4573248407643312,
    "7": 0.4578343949044586,
    "8": 0.4797452229299363,
    "9": 0.4771974522292994,
    "10": 0.4876433121019108,
    "11": 0.48815286624203824,
    "12": 0.48738853503184715,
    "13": 0.4945222929936306,
    "14": 0.5029299363057325,
    "15": 0.4996178343949045,
    "16": 0.5067515923566879,
    "17": 0.513375796178344,
    "18": 0.5121019108280255,
    "19": 0.510063694267516,
    "20": 0.5159235668789809,
    "21": 0.5207643312101911,
    "22": 0.5187261146496815,
    "23": 0.5215286624203822,
    "24": 0.5253503184713376,
    "25": 0.5235668789808917,
    "26": 0.5207643312101911,
    "27": 0.5266242038216561,
    "28": 0.533248407643312,
    "29": 0.5289171974522293
}