{
    "0": 0.24764331210191082,
    "1": 0.32101910828025476,
    "2": 0.3319745222929936,
    "3": 0.35668789808917195,
    "4": 0.40152866242038215,
    "5": 0.4214012738853503,
    "6": 0.43898089171974525,
    "7": 0.4438216560509554,
    "8": 0.4682802547770701,
    "9": 0.48687898089171977,
    "10": 0.47745222929936304,
    "11": 0.49019108280254775,
    "12": 0.4929936305732484,
    "13": 0.4929936305732484,
    "14": 0.49859872611464967,
    "15": 0.4965605095541401,
    "16": 0.4978343949044586,
    "17": 0.495031847133758,
    "18": 0.5031847133757962,
    "19": 0.49095541401273884,
    "20": 0.4889171974522293,
    "21": 0.489171974522293,
    "22": 0.4817834394904459,
    "23": 0.48229299363057326,
    "24": 0.4705732484076433,
    "25": 0.47235668789808916,
    "26": 0.4682802547770701,
    "27": 0.48636942675159234,
    "28": 0.48127388535031845,
    "29": 0.4764331210191083
}