{
    "0": 0.15796178343949044,
    "1": 0.187515923566879,
    "2": 0.20993630573248406,
    "3": 0.2356687898089172,
    "4": 0.26292993630573247,
    "5": 0.26522292993630575,
    "6": 0.2700636942675159,
    "7": 0.2756687898089172,
    "8": 0.28229299363057325,
    "9": 0.2805095541401274,
    "10": 0.2848407643312102,
    "11": 0.28815286624203823,
    "12": 0.2848407643312102,
    "13": 0.28662420382165604,
    "14": 0.29273885350318474,
    "15": 0.2968152866242038,
    "16": 0.2960509554140127,
    "17": 0.2973248407643312,
    "18": 0.30012738853503185,
    "19": 0.3029299363057325,
    "20": 0.30318471337579617,
    "21": 0.31414012738853503,
    "22": 0.3118471337579618,
    "23": 0.3154140127388535,
    "24": 0.3154140127388535,
    "25": 0.31745222929936306,
    "26": 0.3197452229299363,
    "27": 0.3192356687898089,
    "28": 0.3230573248407643,
    "29": 0.32636942675159236
}