{
    "0": 0.3067515923566879,
    "1": 0.3839490445859873,
    "2": 0.39643312101910827,
    "3": 0.40611464968152866,
    "4": 0.39414012738853504,
    "5": 0.41426751592356686,
    "6": 0.4086624203821656,
    "7": 0.4214012738853503,
    "8": 0.43388535031847136,
    "9": 0.43210191082802546,
    "10": 0.4443312101910828,
    "11": 0.4402547770700637,
    "12": 0.452484076433121,
    "13": 0.4473885350318471,
    "14": 0.45528662420382165,
    "15": 0.4575796178343949,
    "16": 0.4608917197452229,
    "17": 0.46343949044585986,
    "18": 0.46726114649681527,
    "19": 0.4751592356687898,
    "20": 0.47541401273885353,
    "21": 0.47464968152866244,
    "22": 0.4840764331210191,
    "23": 0.48585987261146496,
    "24": 0.48662420382165605,
    "25": 0.4932484076433121,
    "26": 0.49019108280254775,
    "27": 0.48127388535031845,
    "28": 0.48815286624203824,
    "29": 0.49248407643312103
}