{
    "0": 0.16382165605095542,
    "1": 0.21273885350318472,
    "2": 0.22929936305732485,
    "3": 0.22471337579617834,
    "4": 0.23770700636942677,
    "5": 0.2484076433121019,
    "6": 0.26420382165605094,
    "7": 0.267515923566879,
    "8": 0.2743949044585987,
    "9": 0.276687898089172,
    "10": 0.2805095541401274,
    "11": 0.28280254777070063,
    "12": 0.28382165605095544,
    "13": 0.28764331210191085,
    "14": 0.2886624203821656,
    "15": 0.289171974522293,
    "16": 0.29044585987261146,
    "17": 0.29095541401273883,
    "18": 0.2945222929936306,
    "19": 0.29426751592356687,
    "20": 0.2952866242038217,
    "21": 0.2973248407643312,
    "22": 0.2978343949044586,
    "23": 0.29936305732484075,
    "24": 0.3006369426751592,
    "25": 0.3021656050955414,
    "26": 0.30394904458598726,
    "27": 0.3059872611464968,
    "28": 0.31057324840764333,
    "29": 0.3115923566878981
}