{
    "0": 0.28382165605095544,
    "1": 0.34573248407643314,
    "2": 0.37095541401273885,
    "3": 0.409171974522293,
    "4": 0.42777070063694267,
    "5": 0.44407643312101913,
    "6": 0.46343949044585986,
    "7": 0.4751592356687898,
    "8": 0.48,
    "9": 0.48356687898089173,
    "10": 0.4884076433121019,
    "11": 0.4853503184713376,
    "12": 0.4935031847133758,
    "13": 0.48636942675159234,
    "14": 0.48738853503184715,
    "15": 0.5047133757961784,
    "16": 0.5029299363057325,
    "17": 0.5087898089171975,
    "18": 0.5171974522292994,
    "19": 0.5164331210191083,
    "20": 0.513375796178344,
    "21": 0.5151592356687898,
    "22": 0.5217834394904458,
    "23": 0.5261146496815287,
    "24": 0.5304458598726115,
    "25": 0.5355414012738854,
    "26": 0.5434394904458598,
    "27": 0.5363057324840764,
    "28": 0.5385987261146497,
    "29": 0.5406369426751593
}