{
    "0": 0.19286624203821656,
    "1": 0.209171974522293,
    "2": 0.23719745222929936,
    "3": 0.2670063694267516,
    "4": 0.27312101910828024,
    "5": 0.2843312101910828,
    "6": 0.28968152866242036,
    "7": 0.2901910828025478,
    "8": 0.29197452229299364,
    "9": 0.2975796178343949,
    "10": 0.3014012738853503,
    "11": 0.3006369426751592,
    "12": 0.3026751592356688,
    "13": 0.3062420382165605,
    "14": 0.3095541401273885,
    "15": 0.31337579617834393,
    "16": 0.3169426751592357,
    "17": 0.3266242038216561,
    "18": 0.32636942675159236,
    "19": 0.3327388535031847,
    "20": 0.3380891719745223,
    "21": 0.3414012738853503,
    "22": 0.347515923566879,
    "23": 0.35312101910828025,
    "24": 0.3543949044585987,
    "25": 0.3564331210191083,
    "26": 0.3681528662420382,
    "27": 0.37019108280254776,
    "28": 0.37452229299363055,
    "29": 0.3824203821656051
}