{
    "0": 0.28611464968152867,
    "1": 0.3444585987261147,
    "2": 0.3729936305732484,
    "3": 0.42089171974522294,
    "4": 0.4315923566878981,
    "5": 0.4547770700636943,
    "6": 0.46573248407643314,
    "7": 0.4787261146496815,
    "8": 0.4736305732484076,
    "9": 0.48229299363057326,
    "10": 0.49044585987261147,
    "11": 0.4907006369426752,
    "12": 0.489171974522293,
    "13": 0.49859872611464967,
    "14": 0.4975796178343949,
    "15": 0.5044585987261146,
    "16": 0.5113375796178344,
    "17": 0.5118471337579618,
    "18": 0.5090445859872611,
    "19": 0.5238216560509554,
    "20": 0.5210191082802548,
    "21": 0.5266242038216561,
    "22": 0.5189808917197453,
    "23": 0.5312101910828025,
    "24": 0.5261146496815287,
    "25": 0.5322292993630573,
    "26": 0.5314649681528663,
    "27": 0.5368152866242039,
    "28": 0.5439490445859873,
    "29": 0.5487898089171974
}