{
    "0": 0.1824203821656051,
    "1": 0.23668789808917198,
    "2": 0.27388535031847133,
    "3": 0.28585987261146495,
    "4": 0.29579617834394906,
    "5": 0.2991082802547771,
    "6": 0.3072611464968153,
    "7": 0.31745222929936306,
    "8": 0.3228025477707006,
    "9": 0.33656050955414013,
    "10": 0.34547770700636943,
    "11": 0.347515923566879,
    "12": 0.3510828025477707,
    "13": 0.354140127388535,
    "14": 0.36280254777070065,
    "15": 0.36636942675159234,
    "16": 0.375031847133758,
    "17": 0.390828025477707,
    "18": 0.39490445859872614,
    "19": 0.4012738853503185,
    "20": 0.40764331210191085,
    "21": 0.4191082802547771,
    "22": 0.4191082802547771,
    "23": 0.4259872611464968,
    "24": 0.43719745222929934,
    "25": 0.43821656050955415,
    "26": 0.4484076433121019,
    "27": 0.45019108280254777,
    "28": 0.4578343949044586,
    "29": 0.4573248407643312
}