{
    "0": 0.30878980891719743,
    "1": 0.3689171974522293,
    "2": 0.40611464968152866,
    "3": 0.4315923566878981,
    "4": 0.45070063694267515,
    "5": 0.45885350318471335,
    "6": 0.4705732484076433,
    "7": 0.4794904458598726,
    "8": 0.4845859872611465,
    "9": 0.49171974522292994,
    "10": 0.4914649681528662,
    "11": 0.4914649681528662,
    "12": 0.5039490445859872,
    "13": 0.5072611464968153,
    "14": 0.510063694267516,
    "15": 0.5136305732484077,
    "16": 0.5197452229299363,
    "17": 0.523312101910828,
    "18": 0.5276433121019108,
    "19": 0.5235668789808917,
    "20": 0.5245859872611465,
    "21": 0.5240764331210191,
    "22": 0.53171974522293,
    "23": 0.5406369426751593,
    "24": 0.5378343949044586,
    "25": 0.5439490445859873,
    "26": 0.5419108280254777,
    "27": 0.5444585987261147,
    "28": 0.5467515923566879,
    "29": 0.5459872611464968
}