{
    "0": 0.2789808917197452,
    "1": 0.36254777070063693,
    "2": 0.38063694267515924,
    "3": 0.4089171974522293,
    "4": 0.37477707006369426,
    "5": 0.3954140127388535,
    "6": 0.40738853503184713,
    "7": 0.4170700636942675,
    "8": 0.42089171974522294,
    "9": 0.42420382165605097,
    "10": 0.43210191082802546,
    "11": 0.43312101910828027,
    "12": 0.4405095541401274,
    "13": 0.4484076433121019,
    "14": 0.4519745222929936,
    "15": 0.45554140127388537,
    "16": 0.4629299363057325,
    "17": 0.458343949044586,
    "18": 0.46802547770700637,
    "19": 0.4601273885350318,
    "20": 0.46420382165605095,
    "21": 0.46802547770700637,
    "22": 0.470828025477707,
    "23": 0.4838216560509554,
    "24": 0.4896815286624204,
    "25": 0.48815286624203824,
    "26": 0.49171974522292994,
    "27": 0.49171974522292994,
    "28": 0.49401273885350316,
    "29": 0.4968152866242038
}