{
    "0": 0.31057324840764333,
    "1": 0.338343949044586,
    "2": 0.3197452229299363,
    "3": 0.2907006369426752,
    "4": 0.2626751592356688,
    "5": 0.2445859872611465,
    "6": 0.2318471337579618,
    "7": 0.212484076433121,
    "8": 0.22012738853503186,
    "9": 0.1946496815286624,
    "10": 0.1954140127388535,
    "11": 0.16942675159235668,
    "12": 0.1778343949044586,
    "13": 0.17197452229299362,
    "14": 0.1735031847133758,
    "15": 0.14547770700636942,
    "16": 0.15464968152866243,
    "17": 0.15235668789808918,
    "18": 0.14496815286624204,
    "19": 0.14573248407643313,
    "20": 0.14445859872611466,
    "21": 0.138343949044586,
    "22": 0.13605095541401274,
    "23": 0.14089171974522294,
    "24": 0.13528662420382165,
    "25": 0.12738853503184713,
    "26": 0.12229299363057325,
    "27": 0.11923566878980892,
    "28": 0.12560509554140128,
    "29": 0.1289171974522293
}