{
    "0": 0.10038216560509554,
    "1": 0.10038216560509554,
    "2": 0.10038216560509554,
    "3": 0.10038216560509554,
    "4": 0.10038216560509554,
    "5": 0.10038216560509554,
    "6": 0.10038216560509554,
    "7": 0.10038216560509554,
    "8": 0.10038216560509554,
    "9": 0.10063694267515924,
    "10": 0.10114649681528662,
    "11": 0.10598726114649681,
    "12": 0.1064968152866242,
    "13": 0.10853503184713376,
    "14": 0.11159235668789809,
    "15": 0.1154140127388535,
    "16": 0.11566878980891719,
    "17": 0.11439490445859872,
    "18": 0.11261146496815287,
    "19": 0.11235668789808917,
    "20": 0.11082802547770701,
    "21": 0.11235668789808917,
    "22": 0.11184713375796178,
    "23": 0.11337579617834395,
    "24": 0.1197452229299363,
    "25": 0.13452229299363058,
    "26": 0.16585987261146498,
    "27": 0.1994904458598726,
    "28": 0.22547770700636943,
    "29": 0.23719745222929936
}