{
    "0": 0.10012738853503185,
    "1": 0.20662420382165606,
    "2": 0.27388535031847133,
    "3": 0.2845859872611465,
    "4": 0.31719745222929935,
    "5": 0.3355414012738854,
    "6": 0.34547770700636943,
    "7": 0.3602547770700637,
    "8": 0.3597452229299363,
    "9": 0.3824203821656051,
    "10": 0.36050955414012736,
    "11": 0.41885350318471337,
    "12": 0.4323566878980892,
    "13": 0.4259872611464968,
    "14": 0.42828025477707005,
    "15": 0.4445859872611465,
    "16": 0.4407643312101911,
    "17": 0.4486624203821656,
    "18": 0.44764331210191083,
    "19": 0.4450955414012739,
    "20": 0.45070063694267515,
    "21": 0.4621656050955414,
    "22": 0.4749044585987261,
    "23": 0.48,
    "24": 0.49477707006369426,
    "25": 0.49044585987261147,
    "26": 0.5080254777070063,
    "27": 0.4942675159235669,
    "28": 0.4935031847133758,
    "29": 0.5090445859872611
}