{
    "0": 0.09452229299363057,
    "1": 0.2817834394904459,
    "2": 0.329171974522293,
    "3": 0.35286624203821654,
    "4": 0.3230573248407643,
    "5": 0.3732484076433121,
    "6": 0.41656050955414015,
    "7": 0.41197452229299364,
    "8": 0.4473885350318471,
    "9": 0.4443312101910828,
    "10": 0.4486624203821656,
    "11": 0.4445859872611465,
    "12": 0.4438216560509554,
    "13": 0.45528662420382165,
    "14": 0.46063694267515926,
    "15": 0.44687898089171973,
    "16": 0.48585987261146496,
    "17": 0.44229299363057323,
    "18": 0.47235668789808916,
    "19": 0.46929936305732484,
    "20": 0.45885350318471335,
    "21": 0.47312101910828025,
    "22": 0.4726114649681529,
    "23": 0.4705732484076433,
    "24": 0.4787261146496815,
    "25": 0.46114649681528663,
    "26": 0.47464968152866244,
    "27": 0.44280254777070066,
    "28": 0.4631847133757962,
    "29": 0.452484076433121
}