{
    "0": 0.10089171974522293,
    "1": 0.10038216560509554,
    "2": 0.2354140127388535,
    "3": 0.23770700636942677,
    "4": 0.26853503184713373,
    "5": 0.2810191082802548,
    "6": 0.2884076433121019,
    "7": 0.3123566878980892,
    "8": 0.3207643312101911,
    "9": 0.3273885350318471,
    "10": 0.31363057324840765,
    "11": 0.32,
    "12": 0.3380891719745223,
    "13": 0.34394904458598724,
    "14": 0.3681528662420382,
    "15": 0.37070063694267513,
    "16": 0.3737579617834395,
    "17": 0.39847133757961783,
    "18": 0.38955414012738854,
    "19": 0.3994904458598726,
    "20": 0.39414012738853504,
    "21": 0.4257324840764331,
    "22": 0.42624203821656054,
    "23": 0.4356687898089172,
    "24": 0.4397452229299363,
    "25": 0.44789808917197454,
    "26": 0.4310828025477707,
    "27": 0.43515923566878983,
    "28": 0.46394904458598724,
    "29": 0.45681528662420384
}