{
    "0": 0.10369426751592356,
    "1": 0.09273885350318471,
    "2": 0.09401273885350318,
    "3": 0.09044585987261146,
    "4": 0.09070063694267516,
    "5": 0.09070063694267516,
    "6": 0.09070063694267516,
    "7": 0.09070063694267516,
    "8": 0.09222929936305732,
    "9": 0.11312101910828025,
    "10": 0.12611464968152866,
    "11": 0.13121019108280255,
    "12": 0.12611464968152866,
    "13": 0.12152866242038217,
    "14": 0.12280254777070064,
    "15": 0.12331210191082803,
    "16": 0.14292993630573247,
    "17": 0.17910828025477707,
    "18": 0.21528662420382166,
    "19": 0.23719745222929936,
    "20": 0.25019108280254776,
    "21": 0.26292993630573247,
    "22": 0.25987261146496815,
    "23": 0.2608917197452229,
    "24": 0.2631847133757962,
    "25": 0.26063694267515924,
    "26": 0.26878980891719745,
    "27": 0.2721019108280255,
    "28": 0.2746496815286624,
    "29": 0.27312101910828024
}