{
    "0": 0.17222929936305734,
    "1": 0.31796178343949044,
    "2": 0.3661146496815287,
    "3": 0.4152866242038217,
    "4": 0.403312101910828,
    "5": 0.4402547770700637,
    "6": 0.4140127388535032,
    "7": 0.445859872611465,
    "8": 0.412484076433121,
    "9": 0.42012738853503184,
    "10": 0.40229299363057325,
    "11": 0.3974522292993631,
    "12": 0.3956687898089172,
    "13": 0.3768152866242038,
    "14": 0.35694267515923567,
    "15": 0.37630573248407645,
    "16": 0.354140127388535,
    "17": 0.36356687898089174,
    "18": 0.3684076433121019,
    "19": 0.33885350318471336,
    "20": 0.36203821656050955,
    "21": 0.3498089171974522,
    "22": 0.3391082802547771,
    "23": 0.3243312101910828,
    "24": 0.3205095541401274,
    "25": 0.3355414012738854,
    "26": 0.3296815286624204,
    "27": 0.3169426751592357,
    "28": 0.33885350318471336,
    "29": 0.35745222929936304
}