{
    "0": 0.09273885350318471,
    "1": 0.10292993630573248,
    "2": 0.14012738853503184,
    "3": 0.13579617834394905,
    "4": 0.11490445859872611,
    "5": 0.10726114649681529,
    "6": 0.10394904458598726,
    "7": 0.17248407643312103,
    "8": 0.22751592356687897,
    "9": 0.2310828025477707,
    "10": 0.25630573248407645,
    "11": 0.2608917197452229,
    "12": 0.26573248407643313,
    "13": 0.26369426751592356,
    "14": 0.2817834394904459,
    "15": 0.276687898089172,
    "16": 0.2901910828025478,
    "17": 0.2871337579617834,
    "18": 0.2782165605095541,
    "19": 0.2952866242038217,
    "20": 0.3019108280254777,
    "21": 0.30165605095541403,
    "22": 0.3100636942675159,
    "23": 0.29961783439490447,
    "24": 0.30904458598726114,
    "25": 0.31668789808917197,
    "26": 0.3189808917197452,
    "27": 0.3169426751592357,
    "28": 0.3024203821656051,
    "29": 0.3245859872611465
}