{
    "0": 0.29477707006369425,
    "1": 0.2756687898089172,
    "2": 0.2728662420382166,
    "3": 0.2705732484076433,
    "4": 0.26369426751592356,
    "5": 0.2494267515923567,
    "6": 0.26955414012738854,
    "7": 0.23872611464968152,
    "8": 0.28382165605095544,
    "9": 0.2677707006369427,
    "10": 0.28611464968152867,
    "11": 0.2573248407643312,
    "12": 0.26038216560509553,
    "13": 0.24968152866242038,
    "14": 0.2310828025477707,
    "15": 0.21859872611464967,
    "16": 0.23210191082802548,
    "17": 0.22165605095541402,
    "18": 0.1594904458598726,
    "19": 0.10420382165605095,
    "20": 0.10522292993630573,
    "21": 0.09681528662420383,
    "22": 0.09910828025477707,
    "23": 0.10267515923566879,
    "24": 0.1064968152866242,
    "25": 0.10420382165605095,
    "26": 0.09707006369426752,
    "27": 0.10598726114649681,
    "28": 0.09987261146496815,
    "29": 0.11617834394904458
}