{
    "0": 0.10420382165605095,
    "1": 0.12840764331210192,
    "2": 0.14140127388535031,
    "3": 0.1510828025477707,
    "4": 0.15082802547770702,
    "5": 0.15566878980891719,
    "6": 0.1521019108280255,
    "7": 0.1421656050955414,
    "8": 0.13503184713375796,
    "9": 0.12815286624203823,
    "10": 0.1294267515923567,
    "11": 0.12509554140127388,
    "12": 0.1335031847133758,
    "13": 0.1681528662420382,
    "14": 0.2318471337579618,
    "15": 0.25528662420382164,
    "16": 0.2626751592356688,
    "17": 0.2639490445859873,
    "18": 0.26955414012738854,
    "19": 0.26802547770700635,
    "20": 0.2743949044585987,
    "21": 0.27694267515923565,
    "22": 0.27872611464968156,
    "23": 0.2863694267515924,
    "24": 0.29554140127388534,
    "25": 0.2899363057324841,
    "26": 0.3029299363057325,
    "27": 0.30828025477707005,
    "28": 0.31261146496815284,
    "29": 0.3154140127388535
}