{
    "0": [
        1.87,
        0.7792
    ],
    "1": [
        2.19,
        0.8061
    ],
    "2": [
        2.03,
        0.8184
    ],
    "3": [
        1.6500000000000001,
        0.8311
    ],
    "4": [
        1.6500000000000001,
        0.8358
    ],
    "5": [
        2.09,
        0.8406
    ],
    "6": [
        1.03,
        0.8427
    ],
    "7": [
        1.49,
        0.8454
    ],
    "8": [
        0.87,
        0.8471
    ],
    "9": [
        0.87,
        0.8481
    ],
    "10": [
        1.1700000000000002,
        0.8499
    ],
    "11": [
        0.7300000000000001,
        0.8515
    ],
    "12": [
        0.53,
        0.8514
    ],
    "13": [
        1.07,
        0.8537
    ],
    "14": [
        1.21,
        0.8529
    ],
    "15": [
        1.07,
        0.8528
    ],
    "16": [
        1.23,
        0.8531
    ],
    "17": [
        0.6100000000000001,
        0.8541
    ],
    "18": [
        1.1300000000000001,
        0.8556
    ],
    "19": [
        0.8300000000000001,
        0.8569
    ],
    "20": [
        0.6100000000000001,
        0.8572
    ],
    "21": [
        0.75,
        0.8571
    ],
    "22": [
        0.67,
        0.8569
    ],
    "23": [
        0.6100000000000001,
        0.8586
    ],
    "24": [
        1.03,
        0.8597
    ],
    "25": [
        0.25,
        0.8592
    ],
    "26": [
        0.37,
        0.8587
    ],
    "27": [
        1.43,
        0.8607
    ],
    "28": [
        0.9500000000000001,
        0.8603
    ],
    "29": [
        0.75,
        0.8593
    ],
    "30": [
        0.75,
        0.8599
    ],
    "31": [
        0.45,
        0.8617
    ],
    "32": [
        0.79,
        0.8615
    ],
    "33": [
        0.75,
        0.8619
    ],
    "34": [
        0.47,
        0.8614
    ],
    "35": [
        0.51,
        0.8617
    ],
    "36": [
        0.39,
        0.8637
    ],
    "37": [
        1.07,
        0.8623
    ],
    "38": [
        1.11,
        0.8619
    ],
    "39": [
        0.35,
        0.8623
    ]
}