{
    "0": [
        0.8300000000000001,
        0.9011
    ],
    "1": [
        1.77,
        0.9486
    ],
    "2": [
        1.83,
        0.9573
    ],
    "3": [
        1.4100000000000001,
        0.962
    ],
    "4": [
        1.09,
        0.9645
    ],
    "5": [
        0.99,
        0.9661
    ],
    "6": [
        0.63,
        0.9674
    ],
    "7": [
        1.07,
        0.9694
    ],
    "8": [
        0.89,
        0.9685
    ],
    "9": [
        1.05,
        0.9685
    ],
    "10": [
        0.6900000000000001,
        0.9691
    ],
    "11": [
        1.4100000000000001,
        0.9704
    ],
    "12": [
        0.9700000000000001,
        0.9692
    ],
    "13": [
        0.6100000000000001,
        0.9693
    ],
    "14": [
        1.05,
        0.9702
    ],
    "15": [
        0.99,
        0.9704
    ],
    "16": [
        1.09,
        0.9699
    ],
    "17": [
        0.6900000000000001,
        0.9706
    ],
    "18": [
        0.35,
        0.971
    ],
    "19": [
        0.5700000000000001,
        0.9718
    ],
    "20": [
        0.43,
        0.9723
    ],
    "21": [
        0.55,
        0.9724
    ],
    "22": [
        1.27,
        0.9723
    ],
    "23": [
        0.7100000000000001,
        0.9731
    ],
    "24": [
        0.99,
        0.9725
    ],
    "25": [
        1.33,
        0.9726
    ],
    "26": [
        0.29,
        0.9712
    ],
    "27": [
        0.65,
        0.9719
    ],
    "28": [
        0.27,
        0.9717
    ],
    "29": [
        0.22999999999999998,
        0.9713
    ],
    "30": [
        0.8500000000000001,
        0.972
    ],
    "31": [
        0.8300000000000001,
        0.9714
    ],
    "32": [
        0.39,
        0.9727
    ],
    "33": [
        0.47,
        0.9722
    ],
    "34": [
        1.01,
        0.9719
    ],
    "35": [
        0.63,
        0.9722
    ],
    "36": [
        0.7300000000000001,
        0.972
    ],
    "37": [
        0.75,
        0.9718
    ],
    "38": [
        0.25,
        0.9719
    ],
    "39": [
        0.8500000000000001,
        0.9727
    ]
}