{
    "0": [
        1.87,
        0.932
    ],
    "1": [
        2.3499999999999996,
        0.9487
    ],
    "2": [
        1.53,
        0.9533
    ],
    "3": [
        1.3900000000000001,
        0.9576
    ],
    "4": [
        0.77,
        0.9601
    ],
    "5": [
        0.8500000000000001,
        0.9607
    ],
    "6": [
        0.9700000000000001,
        0.9629
    ],
    "7": [
        0.75,
        0.9624
    ],
    "8": [
        0.8300000000000001,
        0.9632
    ],
    "9": [
        1.1700000000000002,
        0.965
    ],
    "10": [
        1.09,
        0.9651
    ],
    "11": [
        0.8300000000000001,
        0.9652
    ],
    "12": [
        0.5700000000000001,
        0.9659
    ],
    "13": [
        0.67,
        0.9653
    ],
    "14": [
        0.53,
        0.9657
    ],
    "15": [
        0.79,
        0.9666
    ],
    "16": [
        0.5700000000000001,
        0.9663
    ],
    "17": [
        1.05,
        0.9674
    ],
    "18": [
        0.79,
        0.9663
    ],
    "19": [
        0.75,
        0.968
    ],
    "20": [
        0.81,
        0.9676
    ],
    "21": [
        0.87,
        0.9694
    ],
    "22": [
        0.7300000000000001,
        0.9672
    ],
    "23": [
        1.1300000000000001,
        0.9676
    ],
    "24": [
        0.99,
        0.967
    ],
    "25": [
        0.25,
        0.9662
    ],
    "26": [
        1.01,
        0.9674
    ],
    "27": [
        0.65,
        0.9677
    ],
    "28": [
        0.67,
        0.9684
    ],
    "29": [
        0.63,
        0.9675
    ],
    "30": [
        0.51,
        0.9684
    ],
    "31": [
        0.93,
        0.9683
    ],
    "32": [
        0.65,
        0.9678
    ],
    "33": [
        0.41,
        0.9674
    ],
    "34": [
        0.35,
        0.9682
    ],
    "35": [
        0.55,
        0.9681
    ],
    "36": [
        0.93,
        0.9675
    ],
    "37": [
        0.7100000000000001,
        0.9683
    ],
    "38": [
        0.11,
        0.9671
    ],
    "39": [
        0.43,
        0.967
    ]
}