{
    "0": 0.3146496815286624,
    "1": 0.3923566878980892,
    "2": 0.3921019108280255,
    "3": 0.4101910828025478,
    "4": 0.4270063694267516,
    "5": 0.4326114649681529,
    "6": 0.43210191082802546,
    "7": 0.4486624203821656,
    "8": 0.4629299363057325,
    "9": 0.4703184713375796,
    "10": 0.4631847133757962,
    "11": 0.47388535031847134,
    "12": 0.4797452229299363,
    "13": 0.4805095541401274,
    "14": 0.4886624203821656,
    "15": 0.4942675159235669,
    "16": 0.4996178343949045,
    "17": 0.5024203821656051,
    "18": 0.5052229299363057,
    "19": 0.5054777070063694,
    "20": 0.5062420382165606,
    "21": 0.5064968152866242,
    "22": 0.5182165605095541,
    "23": 0.5136305732484077,
    "24": 0.52,
    "25": 0.5174522292993631,
    "26": 0.5238216560509554,
    "27": 0.5245859872611465,
    "28": 0.5235668789808917,
    "29": 0.5207643312101911
}