{
    "0": 0.29936305732484075,
    "1": 0.3556687898089172,
    "2": 0.39490445859872614,
    "3": 0.42089171974522294,
    "4": 0.4397452229299363,
    "5": 0.4573248407643312,
    "6": 0.468343949044586,
    "7": 0.4789235668789809,
    "8": 0.4841019108280255,
    "9": 0.4912547770700637,
    "10": 0.499636942675159234,
    "11": 0.50649681528662,
    "12": 0.5092420382165606,
    "13": 0.5149681528662421,
    "14": 0.5198089171974522,
    "15": 0.5239426751592356,
    "16": 0.5291146496815287,
    "17": 0.5345222929936305,
    "18": 0.5304458598726115,
    "19": 0.5327388535031847,
    "20": 0.5365605095541401,
    "21": 0.5398726114649681,
    "22": 0.5492993630573249,
    "23": 0.5434394904458598,
    "24": 0.5523566878980892,
    "25": 0.5577070063694267,
    "26": 0.562547770700637,
    "27": 0.5594904458598726,
    "28": 0.5620382165605096,
    "29": 0.5640764331210191
}