{
    "0": 0.30012738853503185,
    "1": 0.3638216560509554,
    "2": 0.39694267515923565,
    "3": 0.4252229299363057,
    "4": 0.4453503184713376,
    "5": 0.46114649681528663,
    "6": 0.47847133757961785,
    "7": 0.4771974522292994,
    "8": 0.4876433121019108,
    "9": 0.49630573248407645,
    "10": 0.5077707006369426,
    "11": 0.5121019108280255,
    "12": 0.510063694267516,
    "13": 0.513375796178344,
    "14": 0.5205095541401273,
    "15": 0.5217834394904458,
    "16": 0.5266242038216561,
    "17": 0.5235668789808917,
    "18": 0.5296815286624204,
    "19": 0.5319745222929936,
    "20": 0.5322292993630573,
    "21": 0.5286624203821656,
    "22": 0.5319745222929936,
    "23": 0.5337579617834395,
    "24": 0.5452229299363057,
    "25": 0.5429299363057325,
    "26": 0.5429299363057325,
    "27": 0.5439490445859873,
    "28": 0.5505732484076433,
    "29": 0.547515923566879
}