{
    "0": 0.2960509554140127,
    "1": 0.3207643312101911,
    "2": 0.31643312101910825,
    "3": 0.3363057324840764,
    "4": 0.347515923566879,
    "5": 0.354140127388535,
    "6": 0.34343949044585986,
    "7": 0.35821656050955414,
    "8": 0.36178343949044584,
    "9": 0.38369426751592356,
    "10": 0.37936305732484077,
    "11": 0.3831847133757962,
    "12": 0.3765605095541401,
    "13": 0.3900636942675159,
    "14": 0.39796178343949046,
    "15": 0.4028025477707006,
    "16": 0.4063694267515924,
    "17": 0.41070063694267517,
    "18": 0.409171974522293,
    "19": 0.41936305732484075,
    "20": 0.41503184713375796,
    "21": 0.4137579617834395,
    "22": 0.4173248407643312,
    "23": 0.4214012738853503,
    "24": 0.42853503184713376,
    "25": 0.42420382165605097,
    "26": 0.427515923566879,
    "27": 0.4280254777070064,
    "28": 0.4318471337579618,
    "29": 0.4323566878980892
}