{
    "0": 0.2624203821656051,
    "1": 0.30012738853503185,
    "2": 0.3363057324840764,
    "3": 0.3788535031847134,
    "4": 0.4050955414012739,
    "5": 0.42420382165605097,
    "6": 0.4519745222929936,
    "7": 0.4542675159235669,
    "8": 0.45961783439490445,
    "9": 0.4756687898089172,
    "10": 0.4721019108280255,
    "11": 0.47694267515923566,
    "12": 0.4889171974522293,
    "13": 0.4899363057324841,
    "14": 0.4876433121019108,
    "15": 0.4889171974522293,
    "16": 0.4840764331210191,
    "17": 0.48636942675159234,
    "18": 0.4896815286624204,
    "19": 0.4935031847133758,
    "20": 0.4876433121019108,
    "21": 0.49044585987261147,
    "22": 0.48127388535031845,
    "23": 0.4810191082802548,
    "24": 0.48,
    "25": 0.48541401273885353,
    "26": 0.48636942675159234,
    "27": 0.4894904458598726,
    "28": 0.4956687898089172,
    "29": 0.4937452229299363
}