{
    "0": 0.2135031847133758,
    "1": 0.2529936305732484,
    "2": 0.2817834394904459,
    "3": 0.29146496815286627,
    "4": 0.29936305732484075,
    "5": 0.30165605095541403,
    "6": 0.30878980891719743,
    "7": 0.3154140127388535,
    "8": 0.3304458598726115,
    "9": 0.33605095541401275,
    "10": 0.33885350318471336,
    "11": 0.34802547770700637,
    "12": 0.34878980891719746,
    "13": 0.35159235668789807,
    "14": 0.35286624203821654,
    "15": 0.37070063694267513,
    "16": 0.3735031847133758,
    "17": 0.375031847133758,
    "18": 0.3831847133757962,
    "19": 0.3989808917197452,
    "20": 0.4084076433121019,
    "21": 0.41630573248407643,
    "22": 0.41630573248407643,
    "23": 0.42394904458598726,
    "24": 0.4313375796178344,
    "25": 0.43719745222929934,
    "26": 0.44713375796178345,
    "27": 0.45375796178343947,
    "28": 0.46114649681528663,
    "29": 0.4631847133757962
}