{
    "0": 0.23617834394904458,
    "1": 0.22751592356687897,
    "2": 0.27414012738853505,
    "3": 0.28611464968152867,
    "4": 0.2991082802547771,
    "5": 0.3363057324840764,
    "6": 0.3452229299363057,
    "7": 0.3554140127388535,
    "8": 0.387515923566879,
    "9": 0.40203821656050953,
    "10": 0.4137579617834395,
    "11": 0.4280254777070064,
    "12": 0.4473885350318471,
    "13": 0.46343949044585986,
    "14": 0.4718471337579618,
    "15": 0.4884076433121019,
    "16": 0.49910828025477705,
    "17": 0.5166878980891719,
    "18": 0.5171974522292994,
    "19": 0.5393630573248408,
    "20": 0.5408917197452229,
    "21": 0.5424203821656051,
    "22": 0.5584713375796179,
    "23": 0.5592356687898089,
    "24": 0.5714649681528663,
    "25": 0.5847133757961783,
    "26": 0.5847133757961783,
    "27": 0.6002547770700637,
    "28": 0.6071337579617835,
    "29": 0.609936305732484
}