{
    "0": 0.27261146496815286,
    "1": 0.3510828025477707,
    "2": 0.41095541401273883,
    "3": 0.4662420382165605,
    "4": 0.5006369426751592,
    "5": 0.5487898089171974,
    "6": 0.5577070063694267,
    "7": 0.5801273885350319,
    "8": 0.5936305732484076,
    "9": 0.6163057324840764,
    "10": 0.6262420382165605,
    "11": 0.6458598726114649,
    "12": 0.6552866242038217,
    "13": 0.6659872611464969,
    "14": 0.6830573248407643,
    "15": 0.6736305732484077,
    "16": 0.7087898089171975,
    "17": 0.6644585987261147,
    "18": 0.7110828025477707,
    "19": 0.6991082802547771,
    "20": 0.7008917197452229,
    "21": 0.7133757961783439,
    "22": 0.7276433121019108,
    "23": 0.7192356687898089,
    "24": 0.7301910828025477,
    "25": 0.7189808917197452,
    "26": 0.7131210191082803,
    "27": 0.716687898089172,
    "28": 0.7169426751592357,
    "29": 0.7228025477707006
}