{
    "0": 0.24356687898089172,
    "1": 0.3072611464968153,
    "2": 0.375031847133758,
    "3": 0.4264968152866242,
    "4": 0.44764331210191083,
    "5": 0.48356687898089173,
    "6": 0.5006369426751592,
    "7": 0.5424203821656051,
    "8": 0.5612738853503185,
    "9": 0.5745222929936306,
    "10": 0.6096815286624204,
    "11": 0.6043312101910828,
    "12": 0.6180891719745223,
    "13": 0.6280254777070063,
    "14": 0.6575796178343949,
    "15": 0.6611464968152866,
    "16": 0.6677707006369427,
    "17": 0.6647133757961784,
    "18": 0.6787261146496816,
    "19": 0.6815286624203821,
    "20": 0.6886624203821656,
    "21": 0.6835668789808917,
    "22": 0.6960509554140127,
    "23": 0.6945222929936306,
    "24": 0.695796178343949,
    "25": 0.72,
    "26": 0.7154140127388535,
    "27": 0.7031847133757961,
    "28": 0.704203821656051,
    "29": 0.7215286624203822
}