{
    "0": 0.20636942675159237,
    "1": 0.23133757961783438,
    "2": 0.2522292993630573,
    "3": 0.2662420382165605,
    "4": 0.2812738853503185,
    "5": 0.289171974522293,
    "6": 0.2937579617834395,
    "7": 0.298343949044586,
    "8": 0.3064968152866242,
    "9": 0.3243312101910828,
    "10": 0.3332484076433121,
    "11": 0.3431847133757962,
    "12": 0.347515923566879,
    "13": 0.3686624203821656,
    "14": 0.38445859872611465,
    "15": 0.3959235668789809,
    "16": 0.40535031847133757,
    "17": 0.412484076433121,
    "18": 0.4170700636942675,
    "19": 0.42853503184713376,
    "20": 0.4346496815286624,
    "21": 0.44713375796178345,
    "22": 0.44993630573248405,
    "23": 0.45605095541401275,
    "24": 0.4690445859872611,
    "25": 0.4736305732484076,
    "26": 0.47694267515923566,
    "27": 0.4840764331210191,
    "28": 0.4907006369426752,
    "29": 0.5052229299363057
}