{
    "0": 0.29044585987261146,
    "1": 0.3826751592356688,
    "2": 0.45299363057324843,
    "3": 0.49630573248407645,
    "4": 0.5396178343949044,
    "5": 0.5421656050955413,
    "6": 0.5819108280254777,
    "7": 0.6165605095541401,
    "8": 0.6287898089171975,
    "9": 0.6606369426751593,
    "10": 0.6318471337579618,
    "11": 0.6774522292993631,
    "12": 0.6917197452229299,
    "13": 0.6545222929936306,
    "14": 0.7029299363057325,
    "15": 0.6909554140127389,
    "16": 0.6973248407643312,
    "17": 0.6932484076433121,
    "18": 0.7011464968152866,
    "19": 0.7034394904458598,
    "20": 0.7062420382165605,
    "21": 0.7154140127388535,
    "22": 0.7319745222929936,
    "23": 0.7008917197452229,
    "24": 0.7034394904458598,
    "25": 0.704968152866242,
    "26": 0.7250955414012739,
    "27": 0.7217834394904459,
    "28": 0.7136305732484076,
    "29": 0.7261146496815286
}