{
    "0": 0.16993630573248408,
    "1": 0.20382165605095542,
    "2": 0.22420382165605096,
    "3": 0.23235668789808916,
    "4": 0.230828025477707,
    "5": 0.23745222929936305,
    "6": 0.2540127388535032,
    "7": 0.2670063694267516,
    "8": 0.27184713375796177,
    "9": 0.28076433121019106,
    "10": 0.28662420382165604,
    "11": 0.28662420382165604,
    "12": 0.2917197452229299,
    "13": 0.2940127388535032,
    "14": 0.29859872611464966,
    "15": 0.3019108280254777,
    "16": 0.3059872611464968,
    "17": 0.31210191082802546,
    "18": 0.32152866242038214,
    "19": 0.3284076433121019,
    "20": 0.3429299363057325,
    "21": 0.3393630573248408,
    "22": 0.3510828025477707,
    "23": 0.3526114649681529,
    "24": 0.35668789808917195,
    "25": 0.35337579617834397,
    "26": 0.3638216560509554,
    "27": 0.37019108280254776,
    "28": 0.37987261146496815,
    "29": 0.3900636942675159
}