{
    "0": 0.17121019108280255,
    "1": 0.2089171974522293,
    "2": 0.20993630573248406,
    "3": 0.20764331210191084,
    "4": 0.212484076433121,
    "5": 0.22522292993630574,
    "6": 0.23898089171974524,
    "7": 0.2535031847133758,
    "8": 0.2743949044585987,
    "9": 0.28535031847133757,
    "10": 0.28968152866242036,
    "11": 0.2907006369426752,
    "12": 0.2978343949044586,
    "13": 0.2968152866242038,
    "14": 0.3024203821656051,
    "15": 0.31439490445859875,
    "16": 0.3177070063694267,
    "17": 0.32687898089171974,
    "18": 0.3340127388535032,
    "19": 0.3373248407643312,
    "20": 0.34955414012738856,
    "21": 0.3521019108280255,
    "22": 0.3615286624203822,
    "23": 0.36509554140127387,
    "24": 0.37630573248407645,
    "25": 0.3821656050955414,
    "26": 0.39337579617834395,
    "27": 0.40305732484076434,
    "28": 0.41197452229299364,
    "29": 0.4170700636942675
}