{
    "0": 0.18802547770700637,
    "1": 0.23694267515923567,
    "2": 0.21936305732484077,
    "3": 0.230828025477707,
    "4": 0.2565605095541401,
    "5": 0.26828025477707007,
    "6": 0.27719745222929937,
    "7": 0.2840764331210191,
    "8": 0.28687898089171976,
    "9": 0.29197452229299364,
    "10": 0.2973248407643312,
    "11": 0.3019108280254777,
    "12": 0.30904458598726114,
    "13": 0.31133757961783437,
    "14": 0.3296815286624204,
    "15": 0.3355414012738854,
    "16": 0.3393630573248408,
    "17": 0.34573248407643314,
    "18": 0.35286624203821654,
    "19": 0.3732484076433121,
    "20": 0.38063694267515924,
    "21": 0.38955414012738854,
    "22": 0.40178343949044587,
    "23": 0.4089171974522293,
    "24": 0.4170700636942675,
    "25": 0.42165605095541403,
    "26": 0.4313375796178344,
    "27": 0.43515923566878983,
    "28": 0.44178343949044585,
    "29": 0.4504458598726115
}