{
    "0": 0.3207643312101911,
    "1": 0.35235668789808916,
    "2": 0.5123566878980892,
    "3": 0.5118471337579618,
    "4": 0.5885350318471337,
    "5": 0.5755414012738853,
    "6": 0.587515923566879,
    "7": 0.6458598726114649,
    "8": 0.6267515923566879,
    "9": 0.6402547770700637,
    "10": 0.6417834394904458,
    "11": 0.6361783439490446,
    "12": 0.6504458598726115,
    "13": 0.6356687898089172,
    "14": 0.6484076433121019,
    "15": 0.6412738853503185,
    "16": 0.6371974522292994,
    "17": 0.6343949044585987,
    "18": 0.6448407643312102,
    "19": 0.652484076433121,
    "20": 0.6519745222929937,
    "21": 0.6537579617834395,
    "22": 0.6529936305732484,
    "23": 0.6563057324840764,
    "24": 0.6504458598726115,
    "25": 0.6458598726114649,
    "26": 0.6573248407643312,
    "27": 0.6557961783439491,
    "28": 0.6664968152866242,
    "29": 0.664203821656051
}