{
    "0": 0.28280254777070063,
    "1": 0.4086624203821656,
    "2": 0.46929936305732484,
    "3": 0.5607643312101911,
    "4": 0.5549044585987262,
    "5": 0.5892993630573249,
    "6": 0.5989808917197452,
    "7": 0.634140127388535,
    "8": 0.6489171974522293,
    "9": 0.6774522292993631,
    "10": 0.6810191082802548,
    "11": 0.6636942675159235,
    "12": 0.6736305732484077,
    "13": 0.7052229299363058,
    "14": 0.6644585987261147,
    "15": 0.683312101910828,
    "16": 0.6914649681528663,
    "17": 0.7024203821656051,
    "18": 0.6940127388535032,
    "19": 0.7044585987261146,
    "20": 0.6896815286624204,
    "21": 0.6901910828025478,
    "22": 0.6998726114649682,
    "23": 0.6940127388535032,
    "24": 0.7164331210191083,
    "25": 0.728407643312102,
    "26": 0.7268789808917198,
    "27": 0.7289171974522293,
    "28": 0.7271337579617835,
    "29": 0.7278980891719745
}