{
    "0": 0.18955414012738853,
    "1": 0.22394904458598727,
    "2": 0.2631847133757962,
    "3": 0.2975796178343949,
    "4": 0.3159235668789809,
    "5": 0.3245859872611465,
    "6": 0.3452229299363057,
    "7": 0.34471337579617833,
    "8": 0.3640764331210191,
    "9": 0.39261146496815286,
    "10": 0.4094267515923567,
    "11": 0.42929936305732486,
    "12": 0.43821656050955415,
    "13": 0.45019108280254777,
    "14": 0.46114649681528663,
    "15": 0.47337579617834397,
    "16": 0.48305732484076436,
    "17": 0.4907006369426752,
    "18": 0.5021656050955414,
    "19": 0.5154140127388535,
    "20": 0.5220382165605095,
    "21": 0.5352866242038217,
    "22": 0.5477707006369427,
    "23": 0.5436942675159235,
    "24": 0.5589808917197452,
    "25": 0.5569426751592357,
    "26": 0.586751592356688,
    "27": 0.6010191082802547,
    "28": 0.6045859872611465,
    "29": 0.5801273885350319
}