{
    "0": 0.2871337579617834,
    "1": 0.387515923566879,
    "2": 0.4412738853503185,
    "3": 0.5156687898089172,
    "4": 0.5085350318471338,
    "5": 0.5554140127388535,
    "6": 0.5571974522292994,
    "7": 0.5997452229299363,
    "8": 0.5877707006369427,
    "9": 0.6068789808917198,
    "10": 0.6142675159235669,
    "11": 0.6473885350318471,
    "12": 0.6247133757961784,
    "13": 0.670828025477707,
    "14": 0.68,
    "15": 0.6838216560509555,
    "16": 0.692484076433121,
    "17": 0.6868789808917197,
    "18": 0.6968152866242038,
    "19": 0.6868789808917197,
    "20": 0.6889171974522293,
    "21": 0.7014012738853503,
    "22": 0.7095541401273885,
    "23": 0.7044585987261146,
    "24": 0.7070063694267515,
    "25": 0.7151592356687898,
    "26": 0.7154140127388535,
    "27": 0.7151592356687898,
    "28": 0.710828025477707,
    "29": 0.7146496815286624
}