{
    "0": 0.2494267515923567,
    "1": 0.31821656050955416,
    "2": 0.3505732484076433,
    "3": 0.4132484076433121,
    "4": 0.4484076433121019,
    "5": 0.4845859872611465,
    "6": 0.5131210191082802,
    "7": 0.5439490445859873,
    "8": 0.5561783439490446,
    "9": 0.5870063694267516,
    "10": 0.6,
    "11": 0.6028025477707006,
    "12": 0.606624203821656,
    "13": 0.6025477707006369,
    "14": 0.6573248407643312,
    "15": 0.6486624203821656,
    "16": 0.6670063694267516,
    "17": 0.6721019108280255,
    "18": 0.6647133757961784,
    "19": 0.6664968152866242,
    "20": 0.6955414012738853,
    "21": 0.7024203821656051,
    "22": 0.6881528662420382,
    "23": 0.7123566878980891,
    "24": 0.7034394904458598,
    "25": 0.714140127388535,
    "26": 0.7103184713375796,
    "27": 0.7187261146496815,
    "28": 0.7090445859872612,
    "29": 0.6993630573248407
}