{
    "0": 0.27235668789808914,
    "1": 0.35006369426751593,
    "2": 0.41579617834394905,
    "3": 0.4614012738853503,
    "4": 0.49044585987261147,
    "5": 0.49859872611464967,
    "6": 0.5663694267515924,
    "7": 0.58828025477707,
    "8": 0.6030573248407644,
    "9": 0.590828025477707,
    "10": 0.649171974522293,
    "11": 0.6545222929936306,
    "12": 0.6430573248407643,
    "13": 0.6764331210191082,
    "14": 0.6644585987261147,
    "15": 0.6878980891719745,
    "16": 0.6728662420382165,
    "17": 0.6929936305732484,
    "18": 0.7100636942675159,
    "19": 0.7146496815286624,
    "20": 0.7085350318471337,
    "21": 0.7044585987261146,
    "22": 0.6909554140127389,
    "23": 0.6937579617834395,
    "24": 0.7103184713375796,
    "25": 0.7143949044585988,
    "26": 0.7225477707006369,
    "27": 0.7098089171974522,
    "28": 0.7118471337579618,
    "29": 0.729936305732484
}