{
    "0": 0.16229299363057326,
    "1": 0.2405095541401274,
    "2": 0.22726114649681528,
    "3": 0.2486624203821656,
    "4": 0.2751592356687898,
    "5": 0.28585987261146495,
    "6": 0.3011464968152866,
    "7": 0.3014012738853503,
    "8": 0.3207643312101911,
    "9": 0.33095541401273887,
    "10": 0.34547770700636943,
    "11": 0.3510828025477707,
    "12": 0.3615286624203822,
    "13": 0.37528662420382164,
    "14": 0.3915923566878981,
    "15": 0.4078980891719745,
    "16": 0.4168152866242038,
    "17": 0.4252229299363057,
    "18": 0.42828025477707005,
    "19": 0.4392356687898089,
    "20": 0.44764331210191083,
    "21": 0.45503184713375794,
    "22": 0.4624203821656051,
    "23": 0.46878980891719746,
    "24": 0.4736305732484076,
    "25": 0.48229299363057326,
    "26": 0.49019108280254775,
    "27": 0.49987261146496814,
    "28": 0.5080254777070063,
    "29": 0.5136305732484077
}