{
    "0": 0.28968152866242036,
    "1": 0.40229299363057325,
    "2": 0.47312101910828025,
    "3": 0.5385987261146497,
    "4": 0.5408917197452229,
    "5": 0.5905732484076434,
    "6": 0.612484076433121,
    "7": 0.630828025477707,
    "8": 0.6670063694267516,
    "9": 0.6422929936305732,
    "10": 0.6695541401273886,
    "11": 0.6639490445859872,
    "12": 0.6935031847133758,
    "13": 0.692484076433121,
    "14": 0.704203821656051,
    "15": 0.6922292993630573,
    "16": 0.6973248407643312,
    "17": 0.7008917197452229,
    "18": 0.7014012738853503,
    "19": 0.6873885350318472,
    "20": 0.6952866242038217,
    "21": 0.704203821656051,
    "22": 0.6968152866242038,
    "23": 0.710828025477707,
    "24": 0.7177070063694267,
    "25": 0.7210191082802547,
    "26": 0.7225477707006369,
    "27": 0.7230573248407643,
    "28": 0.7235668789808917,
    "29": 0.7243312101910828
}