{
    "0": 0.2749044585987261,
    "1": 0.3854777070063694,
    "2": 0.44993630573248405,
    "3": 0.5169426751592356,
    "4": 0.5312101910828025,
    "5": 0.5678980891719745,
    "6": 0.5684076433121019,
    "7": 0.5768152866242038,
    "8": 0.6101910828025477,
    "9": 0.6537579617834395,
    "10": 0.6471337579617834,
    "11": 0.6777070063694267,
    "12": 0.65171974522293,
    "13": 0.6654777070063694,
    "14": 0.6815286624203821,
    "15": 0.6963057324840765,
    "16": 0.6863694267515924,
    "17": 0.7067515923566879,
    "18": 0.7123566878980891,
    "19": 0.7016560509554141,
    "20": 0.6985987261146497,
    "21": 0.6853503184713375,
    "22": 0.7146496815286624,
    "23": 0.7072611464968153,
    "24": 0.7105732484076434,
    "25": 0.695031847133758,
    "26": 0.6889171974522293,
    "27": 0.7090445859872612,
    "28": 0.7087898089171975,
    "29": 0.7164331210191083
}