{
    "0": 0.31949044585987263,
    "1": 0.4346496815286624,
    "2": 0.5082802547770701,
    "3": 0.5271337579617834,
    "4": 0.5635668789808918,
    "5": 0.6129936305732484,
    "6": 0.6175796178343949,
    "7": 0.6277707006369426,
    "8": 0.6364331210191083,
    "9": 0.6290445859872611,
    "10": 0.5971974522292993,
    "11": 0.6155414012738853,
    "12": 0.6290445859872611,
    "13": 0.6527388535031847,
    "14": 0.6435668789808917,
    "15": 0.6178343949044586,
    "16": 0.6333757961783439,
    "17": 0.6295541401273885,
    "18": 0.6377070063694268,
    "19": 0.6224203821656051,
    "20": 0.6201273885350318,
    "21": 0.6417834394904458,
    "22": 0.6379617834394904,
    "23": 0.6394904458598726,
    "24": 0.6382165605095541,
    "25": 0.6478980891719746,
    "26": 0.6580891719745223,
    "27": 0.6402547770700637,
    "28": 0.6555414012738854,
    "29": 0.6629299363057325
}