{
    "0": 0.2843312101910828,
    "1": 0.3831847133757962,
    "2": 0.45579617834394903,
    "3": 0.4593630573248408,
    "4": 0.49859872611464967,
    "5": 0.5143949044585987,
    "6": 0.510063694267516,
    "7": 0.501656050955414,
    "8": 0.5034394904458599,
    "9": 0.4838216560509554,
    "10": 0.47821656050955413,
    "11": 0.4608917197452229,
    "12": 0.4636942675159236,
    "13": 0.45299363057324843,
    "14": 0.4394904458598726,
    "15": 0.42318471337579616,
    "16": 0.4170700636942675,
    "17": 0.4270063694267516,
    "18": 0.42853503184713376,
    "19": 0.4152866242038217,
    "20": 0.39337579617834395,
    "21": 0.39031847133757963,
    "22": 0.3610191082802548,
    "23": 0.3648407643312102,
    "24": 0.36585987261146496,
    "25": 0.35745222929936304,
    "26": 0.36127388535031846,
    "27": 0.3503184713375796,
    "28": 0.33656050955414013,
    "29": 0.34267515923566877
}