{
    "0": 0.26853503184713373,
    "1": 0.3059872611464968,
    "2": 0.34394904458598724,
    "3": 0.38522292993630575,
    "4": 0.4084076433121019,
    "5": 0.4369426751592357,
    "6": 0.4535031847133758,
    "7": 0.4749044585987261,
    "8": 0.4929936305732484,
    "9": 0.5087898089171975,
    "10": 0.5177070063694268,
    "11": 0.53171974522293,
    "12": 0.5477707006369427,
    "13": 0.5513375796178344,
    "14": 0.5510828025477708,
    "15": 0.5684076433121019,
    "16": 0.5745222929936306,
    "17": 0.5834394904458599,
    "18": 0.5864968152866242,
    "19": 0.5977070063694268,
    "20": 0.605859872611465,
    "21": 0.6025477707006369,
    "22": 0.6101910828025477,
    "23": 0.6160509554140128,
    "24": 0.6242038216560509,
    "25": 0.6231847133757962,
    "26": 0.6155414012738853,
    "27": 0.6219108280254777,
    "28": 0.6178343949044586,
    "29": 0.6242038216560509
}