{
    "0": 0.2929936305732484,
    "1": 0.3424203821656051,
    "2": 0.39694267515923565,
    "3": 0.41554140127388534,
    "4": 0.45452229299363056,
    "5": 0.49528662420382163,
    "6": 0.5026751592356687,
    "7": 0.5151592356687898,
    "8": 0.5286624203821656,
    "9": 0.5396178343949044,
    "10": 0.5380891719745223,
    "11": 0.5482802547770701,
    "12": 0.5594904458598726,
    "13": 0.5594904458598726,
    "14": 0.5707006369426751,
    "15": 0.5582165605095541,
    "16": 0.5579617834394904,
    "17": 0.5569426751592357,
    "18": 0.5574522292993631,
    "19": 0.5788535031847134,
    "20": 0.5714649681528663,
    "21": 0.5714649681528663,
    "22": 0.572484076433121,
    "23": 0.5656050955414013,
    "24": 0.5630573248407643,
    "25": 0.5622929936305733,
    "26": 0.5610191082802548,
    "27": 0.5773248407643312,
    "28": 0.5676433121019109,
    "29": 0.563312101910828
}