{
    "0": 0.16178343949044585,
    "1": 0.22420382165605096,
    "2": 0.22420382165605096,
    "3": 0.21834394904458598,
    "4": 0.22853503184713375,
    "5": 0.25070063694267514,
    "6": 0.26140127388535034,
    "7": 0.2667515923566879,
    "8": 0.26904458598726116,
    "9": 0.2715923566878981,
    "10": 0.27847133757961784,
    "11": 0.2810191082802548,
    "12": 0.28535031847133757,
    "13": 0.2843312101910828,
    "14": 0.2848407643312102,
    "15": 0.28585987261146495,
    "16": 0.2850955414012739,
    "17": 0.28687898089171976,
    "18": 0.2901910828025478,
    "19": 0.29146496815286627,
    "20": 0.28968152866242036,
    "21": 0.2940127388535032,
    "22": 0.2980891719745223,
    "23": 0.298343949044586,
    "24": 0.29987261146496813,
    "25": 0.3014012738853503,
    "26": 0.30445859872611464,
    "27": 0.304968152866242,
    "28": 0.3070063694267516,
    "29": 0.30853503184713377
}