{
    "0": 0.25095541401273885,
    "1": 0.24,
    "2": 0.26063694267515924,
    "3": 0.2715923566878981,
    "4": 0.2840764331210191,
    "5": 0.29197452229299364,
    "6": 0.29095541401273883,
    "7": 0.29936305732484075,
    "8": 0.3064968152866242,
    "9": 0.3059872611464968,
    "10": 0.31261146496815284,
    "11": 0.3161783439490446,
    "12": 0.3243312101910828,
    "13": 0.325859872611465,
    "14": 0.33987261146496817,
    "15": 0.34420382165605096,
    "16": 0.34853503184713375,
    "17": 0.3571974522292994,
    "18": 0.35668789808917195,
    "19": 0.3630573248407643,
    "20": 0.3630573248407643,
    "21": 0.36636942675159234,
    "22": 0.37528662420382164,
    "23": 0.38012738853503186,
    "24": 0.38598726114649684,
    "25": 0.3905732484076433,
    "26": 0.39388535031847133,
    "27": 0.4035668789808917,
    "28": 0.4071337579617834,
    "29": 0.41554140127388534
}