{
    "0": 0.2570700636942675,
    "1": 0.29044585987261146,
    "2": 0.3064968152866242,
    "3": 0.33222929936305734,
    "4": 0.3543949044585987,
    "5": 0.3780891719745223,
    "6": 0.4071337579617834,
    "7": 0.41146496815286626,
    "8": 0.43006369426751595,
    "9": 0.4445859872611465,
    "10": 0.4519745222929936,
    "11": 0.4698089171974522,
    "12": 0.48152866242038217,
    "13": 0.4980891719745223,
    "14": 0.5064968152866242,
    "15": 0.5202547770700637,
    "16": 0.5284076433121019,
    "17": 0.535031847133758,
    "18": 0.5393630573248408,
    "19": 0.5485350318471337,
    "20": 0.5579617834394904,
    "21": 0.5569426751592357,
    "22": 0.554140127388535,
    "23": 0.5694267515923567,
    "24": 0.5656050955414013,
    "25": 0.575796178343949,
    "26": 0.5877707006369427,
    "27": 0.5923566878980892,
    "28": 0.5877707006369427,
    "29": 0.5954140127388535
}