{
    "0": 0.1592356687898089,
    "1": 0.18726114649681527,
    "2": 0.21936305732484077,
    "3": 0.24229299363057324,
    "4": 0.26802547770700635,
    "5": 0.2812738853503185,
    "6": 0.2812738853503185,
    "7": 0.28229299363057325,
    "8": 0.28229299363057325,
    "9": 0.2856050955414013,
    "10": 0.2840764331210191,
    "11": 0.2845859872611465,
    "12": 0.28738853503184714,
    "13": 0.2917197452229299,
    "14": 0.2922292993630573,
    "15": 0.29044585987261146,
    "16": 0.2937579617834395,
    "17": 0.29579617834394906,
    "18": 0.2988535031847134,
    "19": 0.2991082802547771,
    "20": 0.30369426751592354,
    "21": 0.3059872611464968,
    "22": 0.30929936305732486,
    "23": 0.31286624203821656,
    "24": 0.31133757961783437,
    "25": 0.3151592356687898,
    "26": 0.3177070063694267,
    "27": 0.3240764331210191,
    "28": 0.3253503184713376,
    "29": 0.32713375796178346
}