{
    "0": 0.16636942675159236,
    "1": 0.20076433121019108,
    "2": 0.23388535031847132,
    "3": 0.261656050955414,
    "4": 0.27261146496815286,
    "5": 0.2789808917197452,
    "6": 0.2805095541401274,
    "7": 0.2884076433121019,
    "8": 0.28687898089171976,
    "9": 0.292484076433121,
    "10": 0.29121019108280255,
    "11": 0.2970700636942675,
    "12": 0.3006369426751592,
    "13": 0.3070063694267516,
    "14": 0.30445859872611464,
    "15": 0.30904458598726114,
    "16": 0.30904458598726114,
    "17": 0.31337579617834393,
    "18": 0.31414012738853503,
    "19": 0.32178343949044586,
    "20": 0.32636942675159236,
    "21": 0.32993630573248406,
    "22": 0.3378343949044586,
    "23": 0.33885350318471336,
    "24": 0.3391082802547771,
    "25": 0.3482802547770701,
    "26": 0.3505732484076433,
    "27": 0.3549044585987261,
    "28": 0.3587261146496815,
    "29": 0.3602547770700637
}