{
    "0": 0.2797452229299363,
    "1": 0.36585987261146496,
    "2": 0.32152866242038214,
    "3": 0.2692993630573248,
    "4": 0.2300636942675159,
    "5": 0.21070063694267516,
    "6": 0.1994904458598726,
    "7": 0.1905732484076433,
    "8": 0.1732484076433121,
    "9": 0.15235668789808918,
    "10": 0.14777070063694267,
    "11": 0.14445859872611466,
    "12": 0.1337579617834395,
    "13": 0.13656050955414012,
    "14": 0.141656050955414,
    "15": 0.13630573248407643,
    "16": 0.13044585987261145,
    "17": 0.12585987261146497,
    "18": 0.13630573248407643,
    "19": 0.12280254777070064,
    "20": 0.10878980891719746,
    "21": 0.10751592356687899,
    "22": 0.09757961783439491,
    "23": 0.10955414012738854,
    "24": 0.10955414012738854,
    "25": 0.11796178343949044,
    "26": 0.0980891719745223,
    "27": 0.11031847133757962,
    "28": 0.1067515923566879,
    "29": 0.12127388535031847
}