{
    "0": 0.10853503184713376,
    "1": 0.11235668789808917,
    "2": 0.10445859872611465,
    "3": 0.10318471337579618,
    "4": 0.10114649681528662,
    "5": 0.10089171974522293,
    "6": 0.11031847133757962,
    "7": 0.11898089171974523,
    "8": 0.1243312101910828,
    "9": 0.12636942675159235,
    "10": 0.1289171974522293,
    "11": 0.1521019108280255,
    "12": 0.1472611464968153,
    "13": 0.14853503184713376,
    "14": 0.13987261146496816,
    "15": 0.12840764331210192,
    "16": 0.12331210191082803,
    "17": 0.11923566878980892,
    "18": 0.11796178343949044,
    "19": 0.12076433121019109,
    "20": 0.13503184713375796,
    "21": 0.1640764331210191,
    "22": 0.1946496815286624,
    "23": 0.21910828025477708,
    "24": 0.23770700636942677,
    "25": 0.24509554140127388,
    "26": 0.2504458598726115,
    "27": 0.2522292993630573,
    "28": 0.25681528662420383,
    "29": 0.25554140127388536
}