{
    "0": 0.10369426751592356,
    "1": 0.21630573248407645,
    "2": 0.2575796178343949,
    "3": 0.2713375796178344,
    "4": 0.3011464968152866,
    "5": 0.2988535031847134,
    "6": 0.34777070063694265,
    "7": 0.3452229299363057,
    "8": 0.33987261146496817,
    "9": 0.3571974522292994,
    "10": 0.3768152866242038,
    "11": 0.4010191082802548,
    "12": 0.4048407643312102,
    "13": 0.39490445859872614,
    "14": 0.41095541401273883,
    "15": 0.4267515923566879,
    "16": 0.427515923566879,
    "17": 0.4226751592356688,
    "18": 0.42980891719745223,
    "19": 0.4512101910828025,
    "20": 0.452484076433121,
    "21": 0.46038216560509554,
    "22": 0.4756687898089172,
    "23": 0.4575796178343949,
    "24": 0.4608917197452229,
    "25": 0.4619108280254777,
    "26": 0.45095541401273886,
    "27": 0.46777070063694265,
    "28": 0.45503184713375794,
    "29": 0.4578343949044586
}