{
    "0": 0.12993630573248408,
    "1": 0.2575796178343949,
    "2": 0.2856050955414013,
    "3": 0.31210191082802546,
    "4": 0.32636942675159236,
    "5": 0.3393630573248408,
    "6": 0.35363057324840763,
    "7": 0.3661146496815287,
    "8": 0.3910828025477707,
    "9": 0.3645859872611465,
    "10": 0.3915923566878981,
    "11": 0.40968152866242036,
    "12": 0.41095541401273883,
    "13": 0.4272611464968153,
    "14": 0.43337579617834393,
    "15": 0.43312101910828027,
    "16": 0.42929936305732486,
    "17": 0.43515923566878983,
    "18": 0.4443312101910828,
    "19": 0.44203821656050957,
    "20": 0.4445859872611465,
    "21": 0.43006369426751595,
    "22": 0.4412738853503185,
    "23": 0.4287898089171975,
    "24": 0.4145222929936306,
    "25": 0.4295541401273885,
    "26": 0.4219108280254777,
    "27": 0.4226751592356688,
    "28": 0.41579617834394905,
    "29": 0.4198726114649681
}