{
    "0": 0.10955414012738854,
    "1": 0.10802547770700636,
    "2": 0.14140127388535031,
    "3": 0.13070063694267517,
    "4": 0.10598726114649681,
    "5": 0.13197452229299364,
    "6": 0.13605095541401274,
    "7": 0.1470063694267516,
    "8": 0.15847133757961784,
    "9": 0.16050955414012738,
    "10": 0.15745222929936306,
    "11": 0.1470063694267516,
    "12": 0.12815286624203823,
    "13": 0.12560509554140128,
    "14": 0.12127388535031847,
    "15": 0.12713375796178344,
    "16": 0.1431847133757962,
    "17": 0.17936305732484076,
    "18": 0.21528662420382166,
    "19": 0.23133757961783438,
    "20": 0.24509554140127388,
    "21": 0.25070063694267514,
    "22": 0.25961783439490443,
    "23": 0.2529936305732484,
    "24": 0.26012738853503187,
    "25": 0.2659872611464968,
    "26": 0.2705732484076433,
    "27": 0.2705732484076433,
    "28": 0.2715923566878981,
    "29": 0.27312101910828024
}