{
    "0": 0.24203821656050956,
    "1": 0.2935031847133758,
    "2": 0.3839490445859873,
    "3": 0.34471337579617833,
    "4": 0.3824203821656051,
    "5": 0.3248407643312102,
    "6": 0.32560509554140127,
    "7": 0.3284076433121019,
    "8": 0.3123566878980892,
    "9": 0.30038216560509556,
    "10": 0.31414012738853503,
    "11": 0.3169426751592357,
    "12": 0.3062420382165605,
    "13": 0.2991082802547771,
    "14": 0.2968152866242038,
    "15": 0.2889171974522293,
    "16": 0.27847133757961784,
    "17": 0.28611464968152867,
    "18": 0.2884076433121019,
    "19": 0.28687898089171976,
    "20": 0.30038216560509556,
    "21": 0.283312101910828,
    "22": 0.304203821656051,
    "23": 0.3059872611464968,
    "24": 0.2937579617834395,
    "25": 0.2922292993630573,
    "26": 0.2805095541401274,
    "27": 0.2929936305732484,
    "28": 0.27031847133757964,
    "29": 0.2728662420382166
}