{
    "0": 0.10292993630573248,
    "1": 0.10063694267515924,
    "2": 0.10394904458598726,
    "3": 0.12687898089171976,
    "4": 0.13095541401273886,
    "5": 0.12331210191082803,
    "6": 0.1110828025477707,
    "7": 0.0973248407643312,
    "8": 0.09528662420382165,
    "9": 0.1202547770700637,
    "10": 0.13171974522292992,
    "11": 0.14777070063694267,
    "12": 0.15796178343949044,
    "13": 0.16611464968152867,
    "14": 0.2005095541401274,
    "15": 0.2359235668789809,
    "16": 0.25605095541401274,
    "17": 0.26343949044585985,
    "18": 0.2667515923566879,
    "19": 0.27184713375796177,
    "20": 0.27694267515923565,
    "21": 0.2810191082802548,
    "22": 0.292484076433121,
    "23": 0.29554140127388534,
    "24": 0.30012738853503185,
    "25": 0.304203821656051,
    "26": 0.3072611464968153,
    "27": 0.3080254777070064,
    "28": 0.3151592356687898,
    "29": 0.31949044585987263
}