{
    "0": 0.1864968152866242,
    "1": 0.26726114649681526,
    "2": 0.31719745222929935,
    "3": 0.34878980891719746,
    "4": 0.36229299363057327,
    "5": 0.40585987261146494,
    "6": 0.39847133757961783,
    "7": 0.43898089171974525,
    "8": 0.43210191082802546,
    "9": 0.4384713375796178,
    "10": 0.412484076433121,
    "11": 0.42012738853503184,
    "12": 0.4168152866242038,
    "13": 0.430828025477707,
    "14": 0.43210191082802546,
    "15": 0.4145222929936306,
    "16": 0.4140127388535032,
    "17": 0.38598726114649684,
    "18": 0.37987261146496815,
    "19": 0.4,
    "20": 0.38980891719745225,
    "21": 0.39031847133757963,
    "22": 0.37579617834394907,
    "23": 0.3735031847133758,
    "24": 0.3742675159235669,
    "25": 0.378343949044586,
    "26": 0.3592356687898089,
    "27": 0.36254777070063693,
    "28": 0.3768152866242038,
    "29": 0.3561783439490446
}