{
    "0": 0.09885350318471338,
    "1": 0.1064968152866242,
    "2": 0.11821656050955413,
    "3": 0.1335031847133758,
    "4": 0.16203821656050954,
    "5": 0.13656050955414012,
    "6": 0.17146496815286624,
    "7": 0.21605095541401273,
    "8": 0.26063694267515924,
    "9": 0.26038216560509553,
    "10": 0.2713375796178344,
    "11": 0.2746496815286624,
    "12": 0.28738853503184714,
    "13": 0.29044585987261146,
    "14": 0.29656050955414015,
    "15": 0.298343949044586,
    "16": 0.30165605095541403,
    "17": 0.30751592356687896,
    "18": 0.30853503184713377,
    "19": 0.30929936305732486,
    "20": 0.30980891719745224,
    "21": 0.32331210191082804,
    "22": 0.3266242038216561,
    "23": 0.32025477707006367,
    "24": 0.3294267515923567,
    "25": 0.3363057324840764,
    "26": 0.33121019108280253,
    "27": 0.34063694267515926,
    "28": 0.33503184713375794,
    "29": 0.3401273885350318
}