{
    "0": 0.31286624203821656,
    "1": 0.2229299363057325,
    "2": 0.23847133757961783,
    "3": 0.21477707006369426,
    "4": 0.22394904458598727,
    "5": 0.21121019108280253,
    "6": 0.20611464968152865,
    "7": 0.23235668789808916,
    "8": 0.20636942675159237,
    "9": 0.18394904458598726,
    "10": 0.187515923566879,
    "11": 0.14904458598726114,
    "12": 0.10242038216560509,
    "13": 0.1021656050955414,
    "14": 0.09146496815286624,
    "15": 0.10751592356687899,
    "16": 0.09910828025477707,
    "17": 0.11031847133757962,
    "18": 0.11414012738853503,
    "19": 0.11719745222929936,
    "20": 0.11082802547770701,
    "21": 0.10394904458598726,
    "22": 0.11439490445859872,
    "23": 0.10929936305732484,
    "24": 0.10191082802547771,
    "25": 0.1197452229299363,
    "26": 0.11082802547770701,
    "27": 0.11159235668789809,
    "28": 0.11261146496815287,
    "29": 0.10878980891719746
}